,STESH
AAACAAGTATCTCCCA-1,5
AAACACCAATAACTGC-1,4
AAACAGAGCGACTCCT-1,2
AAACAGCTTTCAGAAG-1,5
AAACAGGGTCTATATT-1,5
AAACATTTCCCGGATT-1,4
AAACCACTACACAGAT-1,2
AAACCCGAACGAAATC-1,1
AAACCGGAAATGTTAA-1,5
AAACCGGGTAGGTACC-1,5
AAACCGTTCGTCCAGG-1,4
AAACCTAAGCAGCCGG-1,3
AAACCTCATGAAGTTG-1,5
AAACGAAGAACATACC-1,2
AAACGACAGTCTTGCC-1,2
AAACGAGACGGTTGAT-1,1
AAACGCCCGAGATCGG-1,2
AAACGGGCGTACGGGT-1,3
AAACGGTTGCGAACTG-1,3
AAACGTGTTCGCCCTA-1,2
AAACTAACGTGGCGAC-1,2
AAACTCGGTTCGCAAT-1,3
AAACTCGTGATATAAG-1,2
AAACTGCTGGCTCCAA-1,4
AAACTTAATTGCACGC-1,4
AAACTTGCAAACGTAT-1,4
AAAGACATGAAGTTTA-1,2
AAAGACCCAAGTCGCG-1,2
AAAGACTGGGCGCTTT-1,1
AAAGCTTGCCTACATA-1,2
AAAGGCCCTATAATAC-1,4
AAAGGCTACGGACCAT-1,3
AAAGGCTCTCGCGCCG-1,3
AAAGGGATGTAGCAAG-1,2
AAAGGGCAGCTTGAAT-1,1
AAAGGTAAGCTGTACC-1,2
AAAGGTCAACGACATG-1,2
AAAGTAGCATTGCTCA-1,4
AAAGTCACTGATGTAA-1,2
AAAGTCGACCCTCAGT-1,1
AAAGTGTGATTTATCT-1,5
AAAGTTGACTCCCGTA-1,1
AAATAACCATACGGGA-1,2
AAATAAGGTAGTGCCC-1,2
AAATACCTATAAGCAT-1,4
AAATAGCTTAGACTTT-1,2
AAATAGGGTGCTATTG-1,4
AAATCCGATACACGCC-1,3
AAATCGTGTACCACAA-1,4
AAATCTAGCCCTGCTA-1,4
AAATGATTCGATCAGC-1,2
AAATGCTCGTTACGTT-1,2
AAATGGCATGTCTTGT-1,2
AAATGGCCCGTGCCCT-1,4
AAATGGTCAATGTGCC-1,5
AAATGTGGGTGCTCCT-1,2
AAATTAACGGGTAGCT-1,5
AAATTACACGACTCTG-1,2
AAATTACCTATCGATG-1,2
AAATTCCAGGTCCAAA-1,2
AAATTGATAGTCCTTT-1,4
AAATTGGTGAGAAGCA-1,2
AAATTTACCGAAATCC-1,2
AAATTTGCGGGTGTGG-1,4
AACAACTGGTAGTTGC-1,1
AACAATACATTGTCGA-1,3
AACAATTACTCTACGC-1,1
AACACACGCTCGCCGC-1,4
AACACGACTGTACTGA-1,2
AACACGAGACGCGGCC-1,4
AACACGCGGCCGCGAA-1,2
AACAGCTGTGTGGCAA-1,4
AACAGGAAATCGAATA-1,2
AACAGGATGGGCCGCG-1,1
AACAGGTAGTATGGAT-1,5
AACATATCAACTGGTG-1,2
AACATCGATACGTCTA-1,2
AACATTGAAGTTGATC-1,4
AACATTGTGACTCGAG-1,3
AACCAAGACTTCTCTG-1,1
AACCAGTATCACTCTT-1,2
AACCATAGGGTTGAAC-1,4
AACCATGGGATCGCTA-1,2
AACCCAGAGACGGAGA-1,2
AACCCATCCCATGATC-1,4
AACCCGACAACCCGTG-1,3
AACCCGAGCAGAATCG-1,5
AACCCGATAGGGCTTC-1,2
AACCCTACTGTCAATA-1,1
AACCCTGGTGGAACCA-1,2
AACCGAGCTTGGTCAT-1,2
AACCGCTAAGGGATGC-1,5
AACCGTTGTGTTTGCT-1,2
AACCTAAAGCCGTCCG-1,2
AACCTCGCTTTAGCCC-1,3
AACCTGTCACGGAATT-1,2
AACCTTTAAATACGGT-1,3
AACCTTTACGACGTCT-1,2
AACGAAAGTCGTCCCA-1,4
AACGATAATGCCGTAG-1,4
AACGATAGAAGGGCCG-1,2
AACGATATGTCAACTG-1,2
AACGCATGATCTGGGT-1,2
AACGCGAACGGCAACA-1,2
AACGCGACCTTGGGCG-1,3
AACGCGGTCTCCAGCC-1,2
AACGCTGTTGCTGAAA-1,4
AACGGACGTACGTATA-1,5
AACGGCCATCTCCGGT-1,4
AACGTACTGTGGGTAC-1,4
AACGTCAGACTAGTGG-1,1
AACGTGATGAAGGACA-1,2
AACGTGCGAAAGTCTC-1,5
AACGTTATCAGCACCT-1,1
AACTACCCGTTTGTCA-1,5
AACTAGCGTATCGCAC-1,2
AACTAGGCTTGGGTGT-1,3
AACTCAAGTTAATTGC-1,5
AACTCCAGAGCGTGTT-1,3
AACTCCTAATCCCATG-1,2
AACTCGATGGCGCAGT-1,2
AACTCTCAATAGAGCG-1,1
AACTCTCAGTGTGCTC-1,4
AACTGAGGTCAGCGTC-1,2
AACTGATATTAGGCCT-1,2
AACTGGGTCCCGACGT-1,2
AACTGGGTTCGAGCCG-1,2
AACTGGTGTGGGCCTT-1,2
AACTTCTGCGTCTATC-1,2
AACTTGCCCGTATGCA-1,1
AACTTGCGTTCTCGCG-1,2
AACTTTACGGGAGCTT-1,1
AACTTTAGCTGCTGAG-1,2
AACTTTCTCGATCATG-1,2
AAGAAATCACCAGATT-1,2
AAGAAGGATCAGTTAG-1,2
AAGACCCAACTGAACA-1,3
AAGACTCACGCCCACT-1,2
AAGACTGCAAGCTACT-1,5
AAGAGATGAATCGGTA-1,1
AAGAGCTCTTTATCGG-1,1
AAGAGGATGTACGCGA-1,5
AAGAGGCATGGATCGC-1,1
AAGAGGCCCTTTGGAA-1,4
AAGATGGCACCGGACC-1,3
AAGATTGGCGGAACGT-1,2
AAGCACCCTGCGTATC-1,3
AAGCATACTCTCCTGA-1,3
AAGCCGAAGCGGTTTA-1,5
AAGCCGCCGTGAAATC-1,4
AAGCCGCTTTACCTTG-1,2
AAGCGCAGGGCTTTGA-1,3
AAGCGGAGTGCGCGCA-1,2
AAGCGGCGTCATGGGT-1,2
AAGCGTCCCTCATCGA-1,4
AAGCTAGATCGAGTAA-1,4
AAGCTCGTGCCAAGTC-1,1
AAGCTCTTTCATGGTG-1,3
AAGGAGAACTTATAAG-1,2
AAGGAGCGGTTGGTGC-1,5
AAGGATCGATCGCTTG-1,2
AAGGATGAGGGACCTC-1,2
AAGGCAGGCTGTCTCC-1,2
AAGGCGCGTAAAGCTT-1,1
AAGGCTGTGCTCATCG-1,5
AAGGGAACGACTGGCT-1,4
AAGGGACAGATTCTGT-1,2
AAGGGACTATGCATTC-1,4
AAGGTATCCTAATATA-1,2
AAGGTGATAAACCAGC-1,5
AAGTAGAAGACCGGGT-1,2
AAGTAGTGACGCGAGG-1,1
AAGTCAATTGTCGTCA-1,5
AAGTCTAGTAGCTGCC-1,2
AAGTGACGACCGAATT-1,5
AAGTGAGTCGGGTTTA-1,3
AAGTGCAAAGGTAGAC-1,1
AAGTGCCTTGACTGTA-1,1
AAGTGCGTTAGAATCT-1,4
AAGTGCTTCTCTATTG-1,3
AAGTGTTTGGAGACGG-1,4
AAGTTCACTCCAAGCT-1,3
AAGTTCAGTCTGCGTA-1,2
AAGTTCGGCCAACAGG-1,4
AAGTTGTGATGTTATA-1,4
AAGTTTACTAATGGCA-1,2
AAGTTTATGGGCCCAA-1,3
AATAACAACGCTCGGC-1,5
AATAACACTAGAACAA-1,4
AATAAGTCCTCGAGAC-1,2
AATAATCTTCGTATCG-1,5
AATACAATGTTTCAGG-1,1
AATACCGGAGGGCTGT-1,3
AATAGAACAGAGTGGC-1,4
AATAGAATCTGTTTCA-1,5
AATAGCAAGCCTCCTG-1,2
AATAGCTACCGCGTGC-1,2
AATAGTCCGTCCCGAC-1,3
AATAGTCGCGAGTCGG-1,1
AATATCAAGGTCGGAT-1,2
AATATCGAATCAATGC-1,5
AATATCGAGGGTTCTC-1,2
AATATTGGAGTATTGA-1,1
AATCAGGTTTCATTTA-1,3
AATCATGTAAAGACTC-1,4
AATCCAAGGGCCTGAG-1,2
AATCCATGCAAGGGTG-1,2
AATCGCCTCAGCGCCA-1,5
AATCGCGCAGAGGACT-1,2
AATCGGGACACTACGA-1,2
AATCGTGAGCCGAGCA-1,3
AATCTAGGTTTACTTG-1,4
AATCTATGCCGGAGCC-1,2
AATCTCTACTGTGGTT-1,5
AATCTGCGTTGGGACG-1,2
AATCTGGCTTTCTAGT-1,4
AATCTGGGTAGACCCT-1,2
AATGACAGCAATGTCT-1,4
AATGACGTAGGATGTC-1,5
AATGACTGTCAGCCGG-1,1
AATGAGTTCGCATATG-1,2
AATGATGATACGCTAT-1,2
AATGATGCGACTCCTG-1,2
AATGCAACCGGGTACC-1,1
AATGCACCAAGCAATG-1,2
AATGGCCGCCAATGCG-1,2
AATGGTCCACCGTTCA-1,1
AATGGTTCTCACAAGC-1,2
AATGTGCCCGAGGTGT-1,4
AATGTGCTAATCTGAG-1,3
AATTAAAGGTCGGCGT-1,4
AATTAACGGATTTCCA-1,3
AATTAGCGCTGCAGCG-1,4
AATTCATAAGGGATCT-1,2
AATTCATTGTCATGCA-1,4
AATTCCAAGCATGTAC-1,3
AATTCGATTCGAGGAT-1,3
AATTCTAGAGTTAGGC-1,4
AATTGAACGCTCTGGT-1,5
AATTGCAGCAATCGAC-1,4
AATTTGGGACATAGTA-1,2
AATTTGGTTCCAAAGA-1,2
ACAAACCATGCGTCCT-1,4
ACAAACCGACAAGGCG-1,2
ACAAAGCATGACCTAG-1,4
ACAAATCGCACCGAAT-1,4
ACAAATGGTAGTGTTT-1,5
ACAAATTCAGATCTGA-1,2
ACAACAGCATGAGCTA-1,1
ACAACGGTCCCTGCGA-1,1
ACAAGCAGTGCCTAGC-1,1
ACAAGGAAATCCGCCC-1,4
ACAAGGACAAGAGGTT-1,1
ACAAGGATGCTTTAGG-1,3
ACAAGGCCTACCAGCC-1,2
ACAAGGGCAGGCTCTG-1,5
ACAATAGTCGTACGTT-1,5
ACAATCCATTTAAACC-1,5
ACAATCGATCTTTATA-1,2
ACAATGAATACGGAGA-1,4
ACAATGATTCTTCTAC-1,2
ACAATTGTGTCTCTTT-1,5
ACAATTTAGGAGGCTC-1,1
ACAATTTGAGCAGTGG-1,2
ACAATTTGGCCATATT-1,1
ACACAAAGACGGGTGG-1,1
ACACAAATATTCCTAG-1,2
ACACACCAGGACCAGT-1,5
ACACACTTTCTACACG-1,2
ACACATGATCAAATCT-1,4
ACACCACATAATTAGC-1,2
ACACCCAGCATGCAGC-1,1
ACACCCGAGAAATCCG-1,2
ACACCGGTCTGACCGC-1,4
ACACCTTAAGTAGGGC-1,1
ACACCTTACTACTTGC-1,2
ACACGAGACTCCTTCT-1,1
ACACGGCACTATGCAT-1,2
ACACGGGAACTTAGGG-1,2
ACACGTAGGCCACAAG-1,4
ACACTCCAATGTCACT-1,2
ACACTGATCAAGGTGT-1,4
ACACTGGGACAGTCGT-1,4
ACAGAACTGAGAACAA-1,4
ACAGATTAGGTTAGTG-1,2
ACAGCATAGAGCCAGT-1,2
ACAGCGACATTCTCAT-1,4
ACAGCGCACCCGCAGC-1,2
ACAGGCTTGCCCGACT-1,4
ACAGGTGGAGGTGAGG-1,4
ACAGTAATACAACTTG-1,5
ACAGTGCAGCGCATTT-1,2
ACATAAGTCGTGGTGA-1,4
ACATAATAAGGCGGTG-1,2
ACATCAGCTGGGACGC-1,1
ACATCCCGGCCATACG-1,3
ACATCCTGGTAACTGT-1,1
ACATCGATCGTTTACC-1,4
ACATCGGTCAGCCGCG-1,4
ACATCGTATGCAATGG-1,5
ACATCGTTAACCTAGT-1,2
ACATCTCAACGCGTAA-1,2
ACATGGCGCCAAAGTA-1,1
ACATTAGTTTATATCC-1,4
ACCAAACACCCAGCGA-1,2
ACCAAACTAGAAATCC-1,2
ACCAACACCACACACT-1,2
ACCAACCGCACTCCAC-1,4
ACCAACGCTTATTTAT-1,4
ACCAAGAACGCGTGTC-1,2
ACCAATATGCAAGTTA-1,3
ACCACAACTCAGAACA-1,2
ACCACAAGTTTCTATC-1,5
ACCACCAATGTAACAA-1,1
ACCACCCTCTCTTCTA-1,2
ACCACGTGCAGCTATA-1,4
ACCAGCCCGGTCTTTG-1,2
ACCAGGAGTGTGATCT-1,2
ACCAGTGCCCGGTCAA-1,2
ACCAGTGCGGGAGACG-1,5
ACCATATCCGCAATAA-1,5
ACCATCCGCCAACTAG-1,5
ACCATCGTATATGGTA-1,4
ACCCAACGCCCGTGGC-1,2
ACCCACCTACATGCTC-1,1
ACCCATCTTGAGGGTA-1,5
ACCCATTTGTCCCTCT-1,4
ACCCGAGCGAAATTAC-1,4
ACCCGATTGGTTCCGA-1,3
ACCCGGAAACTCCCAG-1,3
ACCCGGATGACGCATC-1,1
ACCCGGTTACACTTCC-1,4
ACCCGTGTCATCAGTA-1,3
ACCCTATAGGACTGAG-1,2
ACCCTATGCCATATCG-1,3
ACCCTCCCTTGCTATT-1,5
ACCCTGGTAACGCCCT-1,2
ACCCTTCATCTGCGAA-1,2
ACCCTTGCCTGGGTCG-1,2
ACCCTTTAGTTCTCCA-1,2
ACCGAAAGGGCCCTGC-1,2
ACCGAAGAGTCTGGTT-1,4
ACCGACACATCTCCCA-1,3
ACCGACTGAGTCCCAC-1,2
ACCGATAGGCATAACC-1,4
ACCGATATTTAATCAT-1,5
ACCGATGGTAGCATCG-1,1
ACCGCAATAACTGCCT-1,4
ACCGCGGTGGAAGTCG-1,1
ACCGGGCCTTTGTTGA-1,5
ACCGGTCAGGTACACC-1,4
ACCGGTCTGAGTACGG-1,2
ACCGTGACCACGTGGG-1,3
ACCGTTCCCGCTCTGA-1,2
ACCTAAGTACCTTTCA-1,4
ACCTAATCGACTTCCT-1,1
ACCTACAGTATGTGGT-1,2
ACCTACTATAAATCTA-1,3
ACCTCCGCCCTCGCTG-1,4
ACCTCCGTTATTCACC-1,2
ACCTCGAACTTATGCT-1,4
ACCTGCGTGTCATGTT-1,4
ACGAAATGGGCGGCAC-1,1
ACGACTGGTCATACTC-1,3
ACGAGAACCCATCACG-1,2
ACGAGATATTTGCTTA-1,2
ACGAGGATACCACTCT-1,4
ACGAGGTTTACAACGT-1,4
ACGAGTACGGATGCCC-1,2
ACGATACATAGAACTA-1,2
ACGATCATACATAGAG-1,2
ACGATCATCTTGTAAA-1,2
ACGATGCATATGTTAT-1,5
ACGATGGATCCGATGC-1,2
ACGCAAACTAATAGAT-1,3
ACGCAATCACTACAGC-1,2
ACGCATAAATGACATG-1,2
ACGCATACGTTTACTA-1,4
ACGCATTCGTGAGTAC-1,5
ACGCCAGATGATTTCT-1,2
ACGCCCAGCTGTCGAT-1,2
ACGCCGCTAGACGACC-1,5
ACGCGAAGTCAGACGA-1,4
ACGCGCTACACAGGGT-1,5
ACGCGGGCCAAGGACA-1,5
ACGCGTTTCTTAAGAG-1,1
ACGCTAGTGATACACT-1,2
ACGCTGTGAGGCGTAG-1,5
ACGCTTAGTGTCTCTC-1,2
ACGGAATTTAGCAAAT-1,2
ACGGACTCTCAAAGCG-1,3
ACGGAGCGCAAATTAC-1,2
ACGGATGGTGCGGATA-1,3
ACGGCACTTGCTTGGG-1,4
ACGGCCAACATGGACT-1,3
ACGGCGACGATGGGAA-1,4
ACGGCGGGTTGCCCTG-1,2
ACGGCTGGATGTAGAA-1,4
ACGGGAGTGTCGGCCC-1,4
ACGGGCGTATGCGACA-1,2
ACGGGTCATGTGACTT-1,2
ACGTACAGATTTCTCT-1,2
ACGTAGATTGCTGATG-1,1
ACGTATTACTCCGATC-1,1
ACGTGCGCCTCGTGCA-1,2
ACGTGGTCGAATGTGC-1,2
ACGTTAATGTCGAAGA-1,5
ACGTTAGATTTGCCCG-1,5
ACGTTATTGGTCACTC-1,1
ACGTTCCGCGCTCCGT-1,2
ACGTTCGCAATCAATT-1,2
ACGTTCGTTCAGGAAA-1,3
ACGTTCTGTACAAGTC-1,3
ACGTTTAGTTGTGATC-1,2
ACTAAGGACGCACACC-1,2
ACTAATACGTCAGGCG-1,2
ACTACATCCCGACAAG-1,4
ACTACCAGCTCTCTGG-1,1
ACTACGCGTTAGAATT-1,3
ACTAGTTGCGATCGTC-1,5
ACTATATGCTGTGTTC-1,2
ACTATCCAGGGCATGG-1,2
ACTATCTGCCCGCGTA-1,5
ACTATGTCCAGCTGCC-1,4
ACTATTCGTCCGTGGT-1,2
ACTATTTCCGGGCCCA-1,3
ACTCAACGAATGTATT-1,2
ACTCAAGTGCAAGGCT-1,3
ACTCAATAAAGGCACG-1,2
ACTCAGACCTGCTTCT-1,2
ACTCATGGCAGCCTTC-1,4
ACTCCAATATCATCAT-1,4
ACTCCCATTCCTAAAG-1,4
ACTCCCGAATTCGTTT-1,2
ACTCCCTAATGCTAAA-1,3
ACTCCCTAGAATAGTA-1,4
ACTCGATGTATTTCAT-1,2
ACTCGTAACCCGTCCT-1,4
ACTCGTCAGTAATCCC-1,1
ACTCTCTGACTTAGGT-1,5
ACTCTCTTATACACGA-1,2
ACTCTTCAGCTCCCGC-1,2
ACTCTTGTATAGTAAC-1,5
ACTGAAACGCCGTTAG-1,4
ACTGAATGGCGAAAGT-1,5
ACTGATTTAGTGATTC-1,2
ACTGCCGTCGTAACTC-1,2
ACTGCGGACACACCGT-1,2
ACTGCTCGGAAGGATG-1,4
ACTGGCGAACCTGCGT-1,2
ACTGTACGATACACAT-1,2
ACTGTAGCACTTTGGA-1,1
ACTGTATACGCGAGCA-1,2
ACTGTCCAGGATTATA-1,5
ACTGTCTTCTTTAGAA-1,1
ACTGTGCTAGTAGATC-1,2
ACTGTTTAGTGTAGGC-1,2
ACTTACCGGGCGCGCA-1,2
ACTTACGCATCCACGC-1,3
ACTTAGTACGACAAGA-1,2
ACTTATACTTACCCGG-1,1
ACTTATTAGGATCGGT-1,5
ACTTATTTATGTGCCA-1,5
ACTTCAGGCTGATCCC-1,4
ACTTCCATGCGGGACA-1,3
ACTTCGCCATACGCAC-1,2
ACTTGACTCCCTCTTT-1,5
ACTTGCCATATTGTAC-1,2
ACTTGGGACCCGGTGG-1,5
ACTTGTAGTCCCTTCA-1,5
ACTTGTGGATGGAACG-1,5
ACTTTACCCTCATGAA-1,2
ACTTTCCTATAGCTTC-1,1
ACTTTGACTGCATCCT-1,5
ACTTTGGTCGTGCTCC-1,4
ACTTTGTCGACGCACT-1,5
AGAAATTATGACTCGC-1,5
AGAACCCAGCGTGACA-1,1
AGAACCCTCAATTGGG-1,4
AGAACGTGGTACATTC-1,2
AGAAGAGCGCCGTTCC-1,1
AGAAGGTACACTTCAC-1,4
AGAAGGTTGCCGAATT-1,4
AGAAGGTTGTAGGTCG-1,3
AGAAGTGATTCGTGAT-1,4
AGAATAAATCTTCAGG-1,1
AGAATGCGGGTTCGGA-1,2
AGAATTATGGATTCGA-1,2
AGAATTGTTTGACATA-1,2
AGACAGCTCAGAATCC-1,1
AGACAGGCATCTCAGC-1,5
AGACATAGATCCTTCC-1,2
AGACCAAACCACACCT-1,4
AGACCATGGGATACAA-1,1
AGACCCACCGCTGATC-1,4
AGACCCGCCCTCCTCG-1,1
AGACCGCTCCGCGGTT-1,5
AGACCGGGAAACCCTG-1,5
AGACGAAGTGCCGGTC-1,5
AGACGACGATGCCGCT-1,4
AGACGCCCACTTCGCC-1,4
AGACGGGATTGGTATA-1,2
AGACGGGCCGATTTAA-1,2
AGACTAGCCTTCCAGA-1,5
AGACTGTTACCGGGTC-1,3
AGAGAAACACCAGAAA-1,3
AGAGAACCGTCTAGGA-1,2
AGAGAAGGAGTACAAT-1,4
AGAGATCTCTAAAGCG-1,5
AGAGCAGTTATGAGAC-1,1
AGAGCCGCCGAGATTT-1,4
AGAGCGCTTGTAACGG-1,2
AGAGCGGGCTAATCAT-1,2
AGAGCGTACAAGCTCG-1,1
AGAGCTACGAAAGCAT-1,2
AGAGGCTTCGGAAACC-1,5
AGAGGGACAATTGTCC-1,2
AGAGGTATCTCGGTCC-1,2
AGAGTAAACTTCACTA-1,5
AGAGTATAGTGTTACG-1,2
AGAGTGAACAGACACC-1,2
AGAGTTAGAGACCGAT-1,2
AGAGTTGCAGGCCTCC-1,2
AGATAACTTCAGGGCC-1,5
AGATACCAATAGAACC-1,4
AGATACCAGCACTTCA-1,2
AGATACCGGTGTTCAC-1,5
AGATACGACTTCATAT-1,2
AGATACTCAAGATCGA-1,5
AGATATAATACGACTA-1,3
AGATCGTGCATAAGAT-1,2
AGATCTCAGGTGTGAT-1,2
AGATGACTCGCCCACG-1,2
AGATGAGGGTTGCGAT-1,2
AGATGATGGAGTCTGG-1,2
AGATGCAAGACGTGCA-1,4
AGATTATAGGACGTTT-1,5
AGATTCAAGCGGGTCG-1,2
AGATTCACAACCGATA-1,4
AGCAAAGGCCGCTAGT-1,3
AGCAACATATCTTATT-1,1
AGCAACCGAAAGTAAT-1,4
AGCACACGTTTAGACT-1,4
AGCACCAGTACTCACG-1,2
AGCACTACCGGCCTGT-1,1
AGCACTACCTCACCAG-1,4
AGCACTTAAGGACGCC-1,1
AGCAGAAGGAGAAAGA-1,3
AGCAGCCAGATGAATA-1,3
AGCATATCAATATGCT-1,5
AGCATCATTTCGAAAG-1,4
AGCATCGTCGATAATT-1,2
AGCCAAGCTTTGTGTC-1,3
AGCCACAGGTTACCCG-1,3
AGCCACTCCCGTGCTT-1,2
AGCCCATACATGTAAG-1,5
AGCCCGCAACAAGCAG-1,3
AGCCCGGCATTAGAGG-1,4
AGCCCGGTAGCCTGTA-1,3
AGCCCTAAGCGAAGTT-1,2
AGCCCTCCCTGGTGGC-1,4
AGCCCTGTCGCACCGT-1,2
AGCCCTTCTAATCCGA-1,2
AGCCCTTGGACATCCC-1,5
AGCCGTGGCTAAATGT-1,4
AGCCTAATACCCACGT-1,4
AGCCTTAAAGCGGAAG-1,1
AGCGACAGGAACGGTC-1,4
AGCGACATCCCATTCA-1,2
AGCGACCAACGATATT-1,1
AGCGAGACGTGAAGGC-1,4
AGCGATGCGCCTAATA-1,4
AGCGCATAATGAATCG-1,3
AGCGCGGGTGCCAATG-1,2
AGCGCTAGAGCGATGT-1,2
AGCGCTTATGGGCAAG-1,2
AGCGGACACTTCGTAG-1,3
AGCGGCGGTTAGCGGT-1,4
AGCGGGAAGGGTCCAT-1,2
AGCGGGTCTGACACTC-1,3
AGCGGTTGAGATGTAC-1,2
AGCGGTTGCCGCTCTG-1,2
AGCGTACGAGAGCTAG-1,2
AGCGTGGTATTCTACT-1,5
AGCGTTCCGATTTAAA-1,2
AGCTAACAAGCAATGT-1,3
AGCTAAGTACGCAGGC-1,3
AGCTAGAAGCAGAAGT-1,2
AGCTATTTAATCCAAC-1,2
AGCTCCATATATGTTC-1,4
AGCTCCTTCGCACATC-1,4
AGCTCGTTGATGGAAA-1,2
AGCTCTAGACGTTCCA-1,5
AGCTCTTCCCAGTGCA-1,2
AGCTCTTCGTAACCTT-1,2
AGCTCTTTACTCAGTT-1,4
AGCTGAAGTAAACCAA-1,2
AGCTGCATTTGAGGTG-1,2
AGCTGCTGTGCCGAAT-1,2
AGCTGTAACCTCAATC-1,4
AGCTTATAGAGACCTG-1,2
AGCTTGATCTTAACTT-1,5
AGGAACGAACGACTTC-1,4
AGGAAGCTGTCCGCCG-1,3
AGGACAGTCGAATCCC-1,5
AGGACATCGCACGTCG-1,2
AGGACGACCCATTAGA-1,4
AGGACGCTCGATGTTG-1,2
AGGAGACATCCACAGT-1,2
AGGAGGCCTTCGCGCG-1,5
AGGATAAAGTCGGGAT-1,3
AGGATATAGGGATTTA-1,5
AGGATCACGCGATCTG-1,4
AGGATTGCTTACGACA-1,2
AGGCACGTGACTGTCC-1,5
AGGCAGATGCGTAAAC-1,2
AGGCAGGGAGCGTACT-1,3
AGGCATTGTCGTAGGG-1,5
AGGCCACCCGTTATGA-1,1
AGGCCCATTGTACAGG-1,2
AGGCCCTAGAACGCCA-1,4
AGGCCTGAGAATCTCG-1,3
AGGCGATAACTGGCGT-1,5
AGGCGGTTTGTCCCGC-1,4
AGGCGTCTATGGACGG-1,2
AGGCTATGGTTAGCTT-1,1
AGGCTTCCCGAAGAAG-1,4
AGGCTTGCTAGACACC-1,1
AGGGAAACGAGGTACT-1,2
AGGGACCGGCTGCGTT-1,2
AGGGACTCTACGCGAC-1,3
AGGGAGACATACTTCG-1,2
AGGGCAGCGGCGTGGT-1,2
AGGGCGAGCAGCTGAT-1,5
AGGGCGTGATCGGCTA-1,2
AGGGCTGCAGTTACAG-1,5
AGGGTCAGAGCACTCG-1,3
AGGGTCAGTAACCCTA-1,2
AGGGTCGATGCGAACT-1,1
AGGGTGCCGTTCTTTA-1,3
AGGGTGCTCTCGAGGG-1,1
AGGGTGGATAGTGCAT-1,1
AGGGTGTGCTACACGC-1,2
AGGGTTCAGACGGTCC-1,3
AGGGTTCCCTTTGGTT-1,2
AGGGTTTAGTTCGGGA-1,5
AGGTAACCTCCTATTC-1,2
AGGTACGATATTGCCA-1,2
AGGTAGATCGAGATAT-1,3
AGGTAGGTACAAAGCT-1,5
AGGTATAATTGATAGT-1,2
AGGTATGCGGACATTA-1,2
AGGTCAGGTGAGAGTG-1,4
AGGTCGCCTCCCAACA-1,4
AGGTCGCGGAGTTACT-1,2
AGGTGGTGACCTTCGC-1,3
AGGTGTATCGCCATGA-1,5
AGGTTACACCATGCCG-1,1
AGGTTGAGGCACGCTT-1,2
AGGTTTCACACACCTT-1,5
AGTAACGTTCATCCTG-1,2
AGTAATGTCTTGCCGC-1,2
AGTACATCATTTATCA-1,2
AGTACCTTCGAGTGCT-1,2
AGTACGGCCCGTATCG-1,1
AGTACGGGCACCTGGC-1,2
AGTACGTGGCCTGTCT-1,2
AGTACTCTTATGCCCA-1,4
AGTAGCGTGAACGAAC-1,2
AGTAGCTAGACGCCGA-1,2
AGTAGGAAGGAAGTTG-1,2
AGTAGGTAACATACAT-1,2
AGTATAATACTAGGCA-1,1
AGTATACACAGCGACA-1,3
AGTATGCTGGAGACCA-1,4
AGTATTTGGCACGACC-1,3
AGTCAAATGATGTGAT-1,3
AGTCAACACCACCATC-1,4
AGTCAAGATGACACTT-1,5
AGTCACTAGCTCTCGA-1,4
AGTCACTCCGCCTCAT-1,2
AGTCAGCCACCGCCTG-1,2
AGTCCATTGGCTGATG-1,1
AGTCCCGCCTTTAATT-1,2
AGTCGACGGTCTCAAG-1,1
AGTCGGCCCAAACGAC-1,1
AGTCGGCTCAACTTTA-1,4
AGTCGGTTGCGTGAGA-1,2
AGTCGTATAAAGCAGA-1,3
AGTCGTCGACCACCAA-1,4
AGTCGTGGGCATTACG-1,4
AGTCTAAAGTATACTC-1,2
AGTCTCACAAGACTAC-1,4
AGTCTGGACATCCTTG-1,2
AGTCTTCTCCTCAAAT-1,2
AGTCTTTAAAGTGTCC-1,3
AGTGAACAAACTTCTC-1,1
AGTGACCTACTTTACG-1,4
AGTGACTGTGACACAA-1,4
AGTGAGACTTCCAGTA-1,1
AGTGAGCCTCGCCGCC-1,2
AGTGAGGGTTTCTGAC-1,2
AGTGATAACCTGCGCG-1,3
AGTGATATGAGTAGTT-1,4
AGTGATTCAAGCAGGA-1,1
AGTGCACGCTTAAGAA-1,4
AGTGCGTAGCTCGTAA-1,4
AGTGCTAAACACAGCA-1,3
AGTGCTTGCACGAATA-1,5
AGTGGCGGCAATTTGA-1,2
AGTGGCGTCTGAAGGT-1,3
AGTGGCTCCGTCGGCC-1,5
AGTGGTGTTACCCGTG-1,5
AGTGTATTGCGCATTG-1,2
AGTGTGCTAAGATCGC-1,2
AGTGTGGTCTATTGTG-1,1
AGTTAAACACTTGCGA-1,4
AGTTAAGCGGTCCCGG-1,2
AGTTAAGTCAACCGCT-1,4
AGTTACCCTTAAGACT-1,1
AGTTACCGCACATGGT-1,1
AGTTACTCTATCGTGG-1,2
AGTTATTGAAAGGTAA-1,2
AGTTCACCGGTTGGAC-1,1
AGTTCCTACAGAATTA-1,5
AGTTCCTATTTATGTT-1,4
AGTTCTGCGTTGTATC-1,2
AGTTGACATCGGCTGG-1,2
AGTTGACGGTCCTTGC-1,3
AGTTGCTGACTGATAT-1,2
AGTTTATGTAAAGACA-1,2
AGTTTCGCAGGTCGGA-1,2
AGTTTGCACCTGCCTC-1,3
AGTTTGGCACGGGTTG-1,5
AGTTTGGCCAGACCTA-1,4
ATAAACGGACCCGTAA-1,4
ATAAACGTTGCACCAC-1,4
ATAAAGGCTCGGTCGT-1,5
ATAAAGGTCAAGTACG-1,2
ATAAATATTAGCAGCT-1,5
ATAACGCCGGAGGGTC-1,1
ATAACGGAGTCCAACG-1,2
ATAACGTTACCTCCAC-1,2
ATAAGCAAACACCGAG-1,2
ATAAGGTGGAGAACAT-1,4
ATAAGTACCCGATTGT-1,2
ATAAGTAGGATTCAGA-1,2
ATAAGTAGGGCGACTC-1,2
ATAAGTTACCGCGACG-1,4
ATAATACCGTTAGCCG-1,2
ATAATAGCTGTTGAAT-1,4
ATAATAGTGTAGGGAC-1,2
ATAATCTTGGAGAACC-1,3
ATAATTAGCTAAGTAG-1,3
ATACAGGCCCTCCAAT-1,3
ATACCACGGGCAACTT-1,5
ATACCAGCAAATTGCT-1,2
ATACCAGGCTAATAGA-1,2
ATACCAGGTGAGCGAT-1,2
ATACCGTCATCCATAA-1,2
ATACCTAACCAAGAAA-1,3
ATACGAAGGCTTTCCA-1,2
ATACGACAGATGGGTA-1,2
ATACGCCGGCGAAACC-1,5
ATACGGAACGTCGTTT-1,4
ATACGGGTTTCGATTG-1,2
ATACGGTGAAGATGCA-1,1
ATACGTACTTAGCCAC-1,3
ATACGTCCACTCCTGT-1,5
ATACGTTATGCACGGA-1,3
ATACTACCCGTACCAC-1,4
ATACTAGCATGACCCT-1,2
ATACTCTCGCCACTCT-1,2
ATACTGCCTTACACCG-1,3
ATACTTGTTCTCGAGC-1,1
ATAGACAACGGGACCT-1,2
ATAGACGAAGAGAAAG-1,5
ATAGAGTACTGGGACA-1,1
ATAGAGTTATCAACTT-1,2
ATAGCAACTAGGGAAG-1,4
ATAGCCTCAGTACCCA-1,2
ATAGCTGCTCTTGTTA-1,2
ATAGGAATCTAAGCTT-1,2
ATAGGCGGCTATAGAA-1,4
ATAGGCTAGCTTCGCA-1,2
ATAGGGATATCCTTGA-1,2
ATAGGTTGGGCAGATG-1,1
ATAGTCTTTGACGTGC-1,2
ATAGTGAAGCGTTCTC-1,4
ATAGTTCCACCCACTC-1,2
ATATAAAGCGCTCGTG-1,3
ATATAAATGTAGCTGC-1,3
ATATAACACGGGCGCA-1,3
ATATACGCTCGTGACG-1,4
ATATAGAGTATTGGTC-1,4
ATATCAACCTACAGAG-1,2
ATATCGGTAGGGAGAT-1,2
ATATCGTGCCAGACCC-1,2
ATATCGTTCCTCGAAC-1,4
ATATCTCCCTCGTTAA-1,2
ATATCTTAGGGCCTTC-1,5
ATATGTCTCCCTAGCC-1,2
ATATGTGCACAAACCA-1,2
ATATTCAGTTAAACCT-1,4
ATATTCCACATAGTGA-1,4
ATATTCCCACAGGTCA-1,2
ATATTGCTGTCAAAGT-1,2
ATATTGGAGAGGCCTT-1,5
ATATTTAACCCTCAAG-1,5
ATCAAACACTGTTCCA-1,5
ATCAAACGAAGGTTTG-1,4
ATCAATCTGGGCTGCA-1,1
ATCAATGCCGTGGCTG-1,4
ATCACATTAGAATATC-1,2
ATCACGTGCTAATTAA-1,4
ATCACTTCATCCTCGC-1,2
ATCAGACGGCACGCCG-1,4
ATCAGCCTCATGCTGC-1,3
ATCAGCTCGTCCACTA-1,4
ATCAGGTCGCCATTGC-1,2
ATCAGTAGGCAGGGAT-1,2
ATCATAGCCCTATGTA-1,4
ATCATCCAATATTTGT-1,4
ATCATCTGCCCAGTGT-1,2
ATCCAACGCAGTCATA-1,1
ATCCAATGGAGGGTCC-1,4
ATCCACATCGACAGAA-1,3
ATCCACGCTAAATGTT-1,2
ATCCACTTTCAGACTA-1,2
ATCCAGAGCAACAACC-1,4
ATCCAGGATTCGTGAA-1,4
ATCCCATCCACAGCGC-1,4
ATCCTACCTAAGCTCT-1,4
ATCCTGAATCGCTGCG-1,5
ATCCTGCGTGGAATGG-1,4
ATCCTGCTGCAGATAG-1,2
ATCGACCCAATACAGA-1,4
ATCGACTCTTTCCGTT-1,2
ATCGCACGCCGGGAGA-1,1
ATCGCCAGTCAACATT-1,1
ATCGCTGCGTGCAGCA-1,2
ATCGCTTTACGTCTCA-1,2
ATCGGAGACAGACGGC-1,4
ATCGGCAAGCAGTCCA-1,2
ATCGGTTACCTAGTAA-1,1
ATCGTGGAAAGTCTGG-1,4
ATCGTTAGCTAGCGGA-1,4
ATCGTTCACTTTCGCC-1,2
ATCTAATATCCTACGG-1,3
ATCTAGCTTGTGAGGG-1,3
ATCTCATAAACCTACC-1,2
ATCTCCCACGGAATAT-1,4
ATCTCCCTGCAATCTA-1,2
ATCTCGTGAGCGAAAC-1,5
ATCTGACATGGAAGGA-1,3
ATCTGATAGTGTCTTA-1,2
ATCTGCACCTCTGCGA-1,2
ATCTGCTGTTATCGCC-1,3
ATCTGGGCTGTTCTTG-1,3
ATCTGGTTAAGACTGT-1,2
ATCTGTAATTGTACCC-1,2
ATCTTATCGCACACCC-1,4
ATCTTGACCTGCAACG-1,1
ATCTTGACTTGTCCAA-1,2
ATCTTTCGTATAACCA-1,2
ATGAAGCCAAGGAGCC-1,1
ATGACGCCGGCTCTAA-1,2
ATGACGCGTTCTATCC-1,4
ATGACTATCAGCTGTG-1,3
ATGACTATGCGACATT-1,5
ATGAGGAGTGTTAATC-1,1
ATGAGGGCAGCGGCTA-1,2
ATGATCGGGAATAGAC-1,2
ATGATGCAATGGTACA-1,4
ATGCACCTTCCTTAAT-1,1
ATGCACGCGCTGTTCA-1,4
ATGCACTACCGCATTG-1,1
ATGCATGATCCAGGAT-1,2
ATGCATTCCGTGATGG-1,2
ATGCCAATCGCTCTGC-1,2
ATGCCATTTGCGACCA-1,5
ATGCCGGTCTTGCATA-1,1
ATGCCGGTTGATGGGA-1,2
ATGCGACAATTGGTCC-1,2
ATGCGACAGTCCCATT-1,5
ATGCGAGTCCCACCAC-1,5
ATGCTCAGTGTTGCAT-1,1
ATGCTCTGGCGCGGTA-1,3
ATGCTTAGGAGTTGAT-1,5
ATGGAAATTTAAGGAG-1,4
ATGGAACAGAATAAAC-1,2
ATGGAACCTTTGCACA-1,2
ATGGAGCAGGCCGTGA-1,5
ATGGATCCGGCGTCCG-1,2
ATGGATTGACCAAACG-1,1
ATGGCAGCATTACGAT-1,4
ATGGCAGCCGAGAAAC-1,1
ATGGCTGGAAATGGCC-1,2
ATGGGAACGGAAGCGG-1,2
ATGGGACCTGCTGAAC-1,4
ATGGGCCTCGGCCTCT-1,5
ATGGGTGTATACCTCC-1,4
ATGGTCGCGTGGTTTC-1,5
ATGGTGCTCAAAGCCA-1,2
ATGGTTACGAAACATG-1,2
ATGTAAGGCTGCTCTT-1,2
ATGTACATGCGGTGAG-1,4
ATGTACGATGACGTCG-1,3
ATGTAGCGCGCGTAGG-1,3
ATGTGAAAGCCTAATG-1,4
ATGTGCATCCGACGCA-1,2
ATGTGGACATCTTGAT-1,4
ATGTGTAGTTTAGTCA-1,2
ATGTTACGAGCAATAC-1,2
ATGTTCCTGCCCACCT-1,2
ATGTTCGTCGACCCAC-1,1
ATGTTGATTAGAGACT-1,3
ATGTTGTAGTCTGTTT-1,3
ATGTTTGTAAGATCAT-1,2
ATTAAACATGCGGACC-1,4
ATTAATACTACGCGGG-1,2
ATTAATGAACCAGTCG-1,2
ATTAATTCGGTCACTC-1,2
ATTACAACTACCGGCC-1,2
ATTACATGTCAGTCTT-1,5
ATTACCACACTGCCTG-1,5
ATTACGCGCTGGCAGG-1,5
ATTACTAGCCTCTTGC-1,2
ATTACTTACTGGGCAT-1,2
ATTAGATTCCTCAGCA-1,2
ATTAGATTGATAGCGG-1,2
ATTAGGCGATGCTTTC-1,5
ATTATACTTTGCTCGT-1,2
ATTATAGCTACTTTAC-1,2
ATTATCGGAATGTACG-1,3
ATTATCTCGACAGATC-1,2
ATTATGAGACCCAATT-1,4
ATTATGCCATAGGGAG-1,2
ATTATGCTCAGTATTG-1,2
ATTATTATGTCCGTCA-1,3
ATTATTCAGAGTCACT-1,3
ATTCAACCATTTAAGG-1,4
ATTCACTGATGTTGGA-1,3
ATTCAGATGAATCCCT-1,2
ATTCAGGACCTATTTC-1,2
ATTCAGGATCGCCTCT-1,2
ATTCAGTAGCAGGGTC-1,1
ATTCATATACTGTCCA-1,4
ATTCATCGTTGAGGCA-1,3
ATTCCCACATAAACAA-1,1
ATTCCTAAGACGTGGA-1,2
ATTCCTCCGCCAGTGC-1,1
ATTCCTTCCAGGCGGT-1,2
ATTCGACGCCGGGCCT-1,5
ATTCGCAGAGGACACT-1,2
ATTCGCGCCTTGAGAG-1,4
ATTCGTGCTATCTCTT-1,1
ATTCTCGTCTCTTTAG-1,2
ATTCTGAGTATGAACT-1,2
ATTCTTCGTACTTATG-1,2
ATTGAAGATCTTAGTG-1,5
ATTGACCGGCGATGAC-1,2
ATTGACGTAACTCGGT-1,2
ATTGATAGCAACGAGA-1,2
ATTGATCACCACATTT-1,4
ATTGATGAGTCCTAAC-1,2
ATTGCCTATTAGACCG-1,4
ATTGCCTTTATGTTTG-1,3
ATTGCGATCAGTAACT-1,5
ATTGCTGCTCCTCCAT-1,5
ATTGGATTACAGCGTA-1,4
ATTGGGAATATCTTGG-1,2
ATTGGGAGTTCTGTAA-1,2
ATTGTACAACTCGGCT-1,2
ATTGTCGCAATACCTT-1,2
ATTGTGACTTCGCTGC-1,2
ATTGTTCAACGATCCG-1,5
ATTTAACTCGTATTAC-1,2
ATTTACAGTTTACTGG-1,1
ATTTACTAAGTCCATT-1,2
ATTTCATTATTTCGCG-1,2
ATTTCCGGGTTCTGCG-1,4
ATTTGCGCGAGTAGCT-1,4
ATTTGTCTTGGGAGCT-1,5
ATTTGTTCCAGGGCTC-1,2
CAAACGAGTATCGCAG-1,4
CAAACGGTCGCACTTT-1,5
CAAACGTGGTCTTGCG-1,2
CAAACTACGATAGAGA-1,2
CAAACTATTGAGCTTC-1,2
CAAACTCGCGACGCCG-1,1
CAAAGATTATTGGGCC-1,4
CAAAGGTCATCTGAAA-1,1
CAAAGGTTAAATTCAG-1,2
CAAATCTCTCACAAGG-1,4
CAAATGTCCTTCCGTG-1,4
CAAATTGGATTATGCC-1,2
CAAATTGTCAGCAAGC-1,2
CAACACATCTCCTGCC-1,2
CAACAGAATAACGCTA-1,2
CAACCAGTGGCCTACC-1,4
CAACCTACCGAGCAGT-1,4
CAACCTGAACCTGCCA-1,2
CAACGACCCGTTTACA-1,2
CAACGGTTCTTGATAC-1,2
CAACGTGGTGGAGTCT-1,5
CAACTATATCGAATGC-1,2
CAACTCCAACGTTTAG-1,2
CAACTCCGTAACTTGC-1,2
CAACTCCTTGATCCCG-1,2
CAACTGAGGGTATGAC-1,2
CAACTGCTCATCCGAT-1,3
CAACTTGTAGTGGGCA-1,2
CAAGAAACCCTAAACT-1,2
CAAGAGGGCGGAGTAC-1,5
CAAGATATTATAACGT-1,5
CAAGCAACGTCGGAGT-1,5
CAAGCACCAAATGCCT-1,2
CAAGCGGCACATAATT-1,3
CAAGGATCGCATGTTC-1,5
CAAGGCCAGTGGTGCA-1,4
CAAGGTCCTATAGGCT-1,2
CAAGTAAGTGATAGAC-1,3
CAAGTGAACTTTGGTT-1,2
CAAGTGTGGTTGCAAA-1,1
CAATAAACCTTGGCCC-1,2
CAATACGAGAGTCTGA-1,1
CAATACGCTCTGAGGC-1,5
CAATATGTAGATTTAC-1,2
CAATATTCTTGACCTA-1,4
CAATCCATTATCCGTT-1,2
CAATCCCTATACCAGC-1,2
CAATCCTGCCGTGGAG-1,2
CAATGAGGTTCGACTA-1,2
CAATGCGAGAAGTATC-1,4
CAATGGAATCTACATA-1,2
CAATGGATCTCTACCA-1,2
CAATGGTCGGCCTGGG-1,2
CAATGTGCCAACCCTT-1,2
CAATTAAGGGTGATGA-1,1
CAATTTCGTATAAGGG-1,5
CACAAGAAAGATATTA-1,2
CACAAGCTAAGAAAGG-1,4
CACAATGAGCTGCTAT-1,4
CACACACGCTAACGAG-1,4
CACACAGCTTGCGCTC-1,5
CACACAGGGATAGATT-1,1
CACACGCGCTGTCTTA-1,1
CACACGTTTCAATGGG-1,2
CACACTTGTATTGCGA-1,2
CACAGAGACGAGGACG-1,4
CACAGCACCCACGGCA-1,5
CACAGCTAGGGAGTGA-1,2
CACAGGGCCATATAGT-1,4
CACAGGGCCGTTGTCA-1,3
CACAGTCCCGCTTCGC-1,4
CACAGTTCGCTTCCCA-1,5
CACATATTAGCAGGAT-1,5
CACATCGTGCACGCGC-1,3
CACATCTCACCGACGA-1,3
CACATGATTCAGCAAC-1,5
CACATGTTTGGACATG-1,2
CACATTCTTTCGATGG-1,2
CACATTTCTTGTCAGA-1,1
CACCACGCCACACAGA-1,5
CACCAGTCAGCATGCA-1,4
CACCATCGGAGGAGAC-1,2
CACCATGATCGCAAAG-1,2
CACCCAAATCTTATGT-1,2
CACCCACACGTCACCC-1,2
CACCCACGAGGCAATT-1,2
CACCCGGTTTGTGACT-1,4
CACCCTAACAAGATCT-1,3
CACCCTTGGTGAGACC-1,4
CACCCTTTCCTCGCTC-1,2
CACCGATACACCGAGC-1,2
CACCGCCAGAAGGTTT-1,1
CACCGCCGACCAGCGA-1,2
CACCGCGTCCACTCTA-1,2
CACCGGAGATATCTCC-1,2
CACCGGTAGAGACATT-1,4
CACCGTATCCCATCCG-1,5
CACCGTTAGGGATCAC-1,4
CACCGTTGCGCGATAT-1,4
CACCTAATAGAGTCGT-1,2
CACCTAATCAGTTTAC-1,2
CACCTCGATGGTGGAC-1,2
CACCTCTACGAGTGTG-1,2
CACCTTGCGAAACTCG-1,2
CACCTTGGCGCCTTTG-1,1
CACGAAAGTTAGTCCC-1,1
CACGACCACAGACTTT-1,2
CACGACGTAATAGTAA-1,2
CACGACTAAAGTTCTG-1,2
CACGCACAGCGCAGCT-1,2
CACGCAGCGAGGCTTT-1,5
CACGCGGAACTGTTGC-1,1
CACGGCGCGCCAAAGG-1,2
CACGGGATTGAGGGTT-1,1
CACGTCAATCAATGGA-1,4
CACGTCGGCAACCTCT-1,4
CACGTCTATGATGTGG-1,2
CACGTTCGTGCTCTAG-1,1
CACGTTTCGTACACAC-1,4
CACTAAAGTTGCCTAT-1,5
CACTACGGGAGCTGCC-1,4
CACTACTCAGTTCTGT-1,2
CACTCAAGAGCTATGG-1,4
CACTCAGCTCTTGAGG-1,2
CACTCCTATGTAAGAT-1,4
CACTCCTCTCGGTCGG-1,2
CACTCGAGCTGAACAA-1,4
CACTCGGTTAGGAGGA-1,1
CACTCTCAAGCATCGA-1,3
CACTCTTCTGCTAGCC-1,4
CACTGACGATTGTGGA-1,3
CACTGTCCAAGTGAGA-1,2
CACTTAATCAGACGGA-1,5
CACTTCGCCACAGGCT-1,1
CACTTCGTCTTATCTC-1,2
CAGAACTTAGCCCTCT-1,4
CAGAATAACACACGGA-1,5
CAGAATATTCGTTATC-1,5
CAGACACCGATCGCTG-1,3
CAGACCTGTAAGTGTT-1,2
CAGACGAACCTGATAC-1,4
CAGAGACGGTCACCCA-1,4
CAGAGCATGAGCTTGC-1,2
CAGAGGCGATGCATGA-1,3
CAGAGTGATTTAACGT-1,2
CAGATAATGGGCGGGT-1,4
CAGATACTAACATAGT-1,1
CAGATATGAAGATGAC-1,4
CAGATCATTTAAAGTC-1,2
CAGATCCTGGTTTGAA-1,4
CAGCAGCCCGTTCCTT-1,2
CAGCAGTCCAGACTAT-1,5
CAGCAGTCTGTGCTGC-1,3
CAGCCCTCACAGGCAG-1,2
CAGCCGGGCCCTCTAT-1,2
CAGCCTCCTGCAGAGG-1,2
CAGCCTCTCCTCAAGA-1,2
CAGCGATTCCCTTCAA-1,4
CAGCTCACTGAGACAT-1,5
CAGCTCGACAAGTTAA-1,2
CAGCTCGTGCTTGTGT-1,2
CAGCTGGCGTAACCGT-1,4
CAGCTTAGTAGGTAGC-1,1
CAGGAAGACTTTATAT-1,2
CAGGATATATCGTTGT-1,4
CAGGCAGTCTTACCAG-1,3
CAGGCCGTTTGGGTGT-1,5
CAGGCGCACGGTGGTC-1,4
CAGGCGCCATGCTAGG-1,4
CAGGTTTAGTACTACA-1,2
CAGTAACTATTTATTG-1,2
CAGTAATCCCTCCCAG-1,1
CAGTACATTCTCTAAA-1,2
CAGTACCAGTTTACGT-1,4
CAGTAGCCCACGCGGT-1,2
CAGTAGCGAGGTAGTA-1,2
CAGTCCAACGCCTTCT-1,2
CAGTCGAGGATGCAAT-1,2
CAGTCTCTCGGCTAAT-1,2
CAGTCTGTATACTGGG-1,5
CAGTGAATAAATGACT-1,2
CAGTGGTTGCACATGA-1,2
CAGTGTCCGCAGAATG-1,2
CAGTGTCGGCTGGCCC-1,4
CAGTTCAAATTGACAC-1,5
CAGTTCCGCGGGTCGA-1,1
CAGTTCGAGGACCCGA-1,3
CATAACGGACAGTCGT-1,1
CATAAGAAGCTTGGCT-1,3
CATAAGCTCTCCGTCT-1,5
CATAATGAGCGGGCGA-1,2
CATACAAAGCCGAACC-1,2
CATACACGGTTCCCAC-1,3
CATACCCGTACCCAGT-1,5
CATACGAACTAGCTGG-1,3
CATACGGCGTCTGGGC-1,5
CATACTATGTAATTGT-1,5
CATACTTAGGCAATAC-1,2
CATACTTCTTTCTCCG-1,3
CATAGCCGCCCGGGAT-1,1
CATAGCGTTGCCCACC-1,4
CATAGTACATTGAGAG-1,2
CATAGTAGCATAGTAG-1,2
CATAGTCAAATACATA-1,3
CATAGTCCACAAGAAC-1,4
CATATACTACTGATAA-1,2
CATATAGGTACAGTCA-1,4
CATATGTCAGGCTACG-1,4
CATATTATTTGCCCTA-1,2
CATCAAACTGGCGCCC-1,2
CATCAACACCTACTAA-1,2
CATCATCTACCCGGAC-1,2
CATCATTACCCTGAGG-1,4
CATCCAATATAGTTTG-1,4
CATCCGCAGGCCCGAA-1,2
CATCCTCTCAAAGATC-1,4
CATCGCCCGCGGCCAA-1,2
CATCGGACGGGTTAAT-1,4
CATCGTCCGGTTACTA-1,1
CATCTACCCGAGAACG-1,2
CATCTAGTGAAGGGAA-1,1
CATCTATCCCGTGTCT-1,2
CATCTGCAGGATCATT-1,1
CATCTTACACCACCTC-1,2
CATGAACCGACATTTG-1,2
CATGAACCTCTTATCA-1,2
CATGACTTCGCTGAAT-1,1
CATGAGATGCACTCTC-1,3
CATGATGCACAATTCT-1,2
CATGATGGAAGTTAGC-1,5
CATGCACGTGTTACTG-1,2
CATGCATGGAGACCCT-1,2
CATGCCAACTCGCAAA-1,5
CATGCGACCAGTTTAA-1,2
CATGCGTTAGACAGAA-1,2
CATGCTGGCTCCAATT-1,2
CATGGAAATGGGACCA-1,2
CATGGATTGTCTTCCG-1,4
CATGGCAGGAAGATCG-1,2
CATGGGTATGCCTTAT-1,3
CATGGGTCGGGTGTGG-1,2
CATGGTAAGTAGCGTT-1,5
CATGGTCTAGATACCG-1,2
CATGTAAGAGACATTT-1,4
CATGTAGGAGCGCCAA-1,2
CATGTCTCATTTATGG-1,4
CATTACATAGATTGTG-1,2
CATTACGTCGGCCCGT-1,2
CATTATCCCATTAACG-1,3
CATTATGCTTGTTGTG-1,1
CATTCACTGACAGCTA-1,2
CATTCCCATTCCGTCG-1,2
CATTCCCTAAGTACAA-1,2
CATTGATGAACACGCC-1,2
CATTGCAAAGCATAAT-1,2
CATTGCGAAATGGGCG-1,1
CATTGCGGGTCAATTC-1,2
CATTGTGTGCTAGATC-1,2
CATTTAGCGGACCATG-1,2
CATTTATCGTTCAAGA-1,2
CATTTCTAGCAGACTA-1,2
CATTTGAGTGGTACGT-1,4
CCAAACAGAACCCTCG-1,1
CCAAATAACAAGATTC-1,5
CCAACCTTATGTAACT-1,3
CCAACGATGCACTGAT-1,1
CCAACGCTTGCCAGGG-1,2
CCAACTTGATAGATCC-1,1
CCAAGAAAGTGGGCGA-1,4
CCAAGACTTCTGCGAA-1,2
CCAAGCGTAACTCGTA-1,1
CCAAGGAACAGAGAGG-1,2
CCAAGTTTCTACAGAT-1,2
CCAATAGTGCCGTCGA-1,5
CCAATCGGTAGATCGA-1,2
CCAATGTCACAGCAAG-1,5
CCAATTACGGGTCGAG-1,2
CCAATTGAATGTTAAT-1,2
CCACAATGTACGTCTT-1,2
CCACACTGAGATATTA-1,5
CCACAGCTGAAATCAT-1,2
CCACAGTACCCATCCT-1,5
CCACATACTGCACCCA-1,5
CCACCAACTTTACTGT-1,4
CCACCCAAGGAAAGTG-1,5
CCACGAATTTAACCTC-1,1
CCACGAGAAGAGAATC-1,2
CCACGGAGCCATAAGA-1,4
CCACGGTGCCCGGTAG-1,2
CCACGTAAATTAGACT-1,2
CCACTATCCGGGTCAC-1,2
CCACTGGTGGCTGGTT-1,5
CCACTGTTTGGATTAA-1,4
CCAGAAAGCAACTCAT-1,4
CCAGAGACAAAGCCGG-1,1
CCAGATAGTTGAGTGA-1,2
CCAGATGTAAATGGGT-1,2
CCAGCCTGGACCAATA-1,5
CCAGCGGGATCACCAG-1,2
CCAGCTACGCCTCATA-1,2
CCAGCTCGAACGCATT-1,3
CCAGCTGATGGTACTT-1,5
CCAGCTTCCGCCCGCA-1,1
CCAGGCTGGCGTCTGA-1,5
CCAGGGACGTGGCCTC-1,1
CCAGTAGTCTGATCCA-1,2
CCAGTCAAATCTCTTA-1,5
CCAGTCCATTATTCGA-1,2
CCAGTCTAGACGGCGC-1,2
CCAGTCTTGTCATAGA-1,3
CCATAAACAACCCGAC-1,2
CCATACCTTTACTTGT-1,2
CCATAGGTTGGCGTGG-1,2
CCATAGTCAGTAACCC-1,2
CCATATGGAAACTATA-1,5
CCATCATAAGAACAGG-1,2
CCATCCATACCAAGTC-1,2
CCATCGCAGTTAAACT-1,4
CCATCTCACCAGTGAA-1,1
CCATCTTGTTCACAAT-1,2
CCATGCCCTAGATTTC-1,4
CCATGCCTGTTTAGTA-1,5
CCATGCTCTGCAGGAA-1,2
CCATGGCCCTTGTACC-1,1
CCATGTTCATCTATAT-1,4
CCATTAGCGATAATCC-1,5
CCATTCCCTGCCCACA-1,5
CCATTGTTTCCTCCAT-1,2
CCATTTCTACCTATTA-1,3
CCCAAACATGCTGCTC-1,1
CCCAACATACGTCGCG-1,4
CCCAACCACACTAACA-1,2
CCCAAGAATGCACGGT-1,2
CCCAAGACAGAGTATG-1,2
CCCAATGAGATTTGCA-1,3
CCCAATTTCACAACTT-1,5
CCCAGAGGAGGGCGTA-1,2
CCCAGGTCTGAAGGCT-1,5
CCCAGTAAACTTGGGA-1,4
CCCAGTTAAGGCGCCG-1,5
CCCATATAGGTCGATT-1,4
CCCGAAGTTTCGCGAA-1,5
CCCGACCATAGTCCGC-1,2
CCCGAGTTTCTCCGTA-1,5
CCCGCAGCGCGAACTA-1,4
CCCGCAGGGCCCAAAG-1,2
CCCGCCATGCTCCCGT-1,2
CCCGCGCAATGCACCC-1,1
CCCGCTAGAGGGTTAA-1,2
CCCGGGTCGTTCAGGG-1,3
CCCGGTGGAAGAACCT-1,1
CCCGGTGTATCGGAAT-1,4
CCCGTAAGTCTAGGCC-1,5
CCCGTAGCTGGGAAGA-1,3
CCCGTCAGCGTCTGAC-1,1
CCCGTTTCGCAGATGT-1,5
CCCTAGTGTCAGGTGT-1,2
CCCTATGTAGAGCAGA-1,4
CCCTCATTCTGGAATT-1,2
CCCTCCTCGCTCGTAT-1,5
CCCTCGGGAGCCTTGT-1,2
CCCTGAAATGAGTTGA-1,5
CCCTGACTAACAAATT-1,5
CCCTGATGTAACTCGT-1,2
CCCTGCCCAATCCGCT-1,5
CCCTGCGCTACGCATA-1,1
CCCTGGTATGGGCGGC-1,2
CCCTTTAATGGAGTTC-1,4
CCCTTTGACAGGTCTT-1,4
CCGAAAGTGGTGAGCA-1,2
CCGAACACTGGGCCTC-1,5
CCGAACCTTCCCGGCC-1,4
CCGAAGTATATTGTTC-1,1
CCGACAAACACATGAG-1,2
CCGACAAAGGGAGTGC-1,1
CCGACAATAGGCCGCC-1,4
CCGACGGGCATGAGGT-1,4
CCGACGTAAACACAAC-1,2
CCGACTCGCATAGTCT-1,2
CCGAGAAGTCGCATAA-1,1
CCGAGCTGTGCTTGTC-1,2
CCGAGGGATGTTAGGC-1,2
CCGATATGACGTAAGG-1,5
CCGATCTCAACCTTAT-1,2
CCGATCTTAAGAGGCT-1,2
CCGATTCGAGGGACCC-1,5
CCGATTGGTCAATGAA-1,2
CCGCACAAAGACCAAC-1,5
CCGCACACGAACGTGT-1,1
CCGCACGTGACCTCGG-1,1
CCGCATGTGGTACGAT-1,3
CCGCCACCACAATCCA-1,2
CCGCCGGAACTTCTCG-1,4
CCGCCGGTCAACACAC-1,2
CCGCCGTTGAGGATAA-1,1
CCGCCTGCGAATTGGT-1,2
CCGCCTTGCGATGTCG-1,5
CCGCGATTTGGTAGGT-1,5
CCGCGGAATGCGTCAC-1,4
CCGCGGGTACGAAGAA-1,1
CCGCGTAGGTAAGGGC-1,1
CCGCTATCAGCACCAG-1,4
CCGCTCTTCCGAACTA-1,4
CCGCTGGTGCCATTCA-1,2
CCGCTTACCTCACTCT-1,4
CCGCTTGCTGACATGG-1,2
CCGGAATGGTTTCAGT-1,1
CCGGAGCGTACTTTCT-1,3
CCGGCACGACCGTTTC-1,2
CCGGCGCATATTGGAT-1,2
CCGGCGTGAGACTCTG-1,5
CCGGGACCCGCAGAGA-1,2
CCGGGCGGTCTCGTCA-1,1
CCGGGCTGCTCCATAC-1,1
CCGGGTTCGAGGTTAC-1,5
CCGGTAATGGCTAGTC-1,2
CCGGTTTGTAATTGTG-1,3
CCGTAAGTTGGTCCCA-1,1
CCGTACCCAAGCGCCA-1,2
CCGTAGGAAATCCCTG-1,4
CCGTAGGGTTGTTTAC-1,4
CCGTATCTCGTCGTAG-1,4
CCGTATTAGCGCAGTT-1,2
CCGTGAGGCATTCATG-1,2
CCGTGCCCATGACGGC-1,2
CCGTGGAACGATCCAA-1,2
CCGTGTTAAATTCCAT-1,4
CCGTTACGTTAGAACA-1,2
CCGTTCCGAATCTCGG-1,5
CCTAAAGGCTGACGCT-1,2
CCTAAATTAACGGTTC-1,5
CCTAAATTGTATCCTA-1,5
CCTAACCCAAACAAGT-1,5
CCTAACTAAGGCTCTA-1,2
CCTACAAGTCCGGAAT-1,2
CCTACATTCACAGACG-1,4
CCTACGCGACCTTACA-1,2
CCTACGGCTCAGTCGA-1,2
CCTACTCAACACGATT-1,4
CCTACTGCGGCGGCCA-1,2
CCTACTGCTTACACTT-1,1
CCTAGGCGTAGCGATC-1,1
CCTAGGTAAAGGTAGC-1,4
CCTAGTTAGTCGCATG-1,2
CCTATAATGAGTGCCC-1,4
CCTATACCGTCCTGTC-1,3
CCTATATCGTGTCACG-1,4
CCTATATTTGTCCTGG-1,3
CCTATCTATATCGGAA-1,2
CCTATGAAGTGGTGCC-1,2
CCTATGGCTCCTAGTG-1,4
CCTATGGGTTACCGTC-1,2
CCTATGGTCAAAGCTG-1,3
CCTATGTCCACTCCAC-1,3
CCTCACCAATCTTGAC-1,2
CCTCACCTGAGGGAGC-1,2
CCTCACCTTAGCATCG-1,2
CCTCATGCAGCTACGA-1,2
CCTCCCGACAATCCCT-1,2
CCTCCGACAATTCAAG-1,1
CCTCCTAGCTAGAGTC-1,4
CCTCCTGAGCCCACAT-1,5
CCTCCTGTTGTGTCGT-1,4
CCTCGAAGTGGACGGG-1,2
CCTCGACCCACTGCCT-1,2
CCTCGCCAGCAAATTA-1,2
CCTCGCGCGATATAGG-1,2
CCTCGCGCTGTGCGAT-1,3
CCTCGGACCGGGATAG-1,5
CCTCGGATGCTACCTG-1,1
CCTCGTTACGCCTGTT-1,2
CCTCTAATCTGCCAAG-1,2
CCTCTACAAGGATTGG-1,4
CCTCTATCGATTAGCA-1,4
CCTCTCTCCCATCTAG-1,5
CCTCTGGCCTAGACGG-1,2
CCTCTGTACTATTCTA-1,3
CCTGAACGATATATTC-1,1
CCTGAATATTTACATA-1,2
CCTGACCACCGATGGT-1,4
CCTGACGCAACCTTTA-1,2
CCTGCCCGTTGTCTAG-1,1
CCTGCGATAGAACTGT-1,2
CCTGCGTTCTACGCTT-1,1
CCTGCTATTTGAGAAG-1,1
CCTGGAAACGTTCTGC-1,2
CCTGGCTAGACCCGCC-1,5
CCTGGTCGAATGTGGG-1,3
CCTGTAAGACATGATA-1,5
CCTGTACTCACGCCCA-1,5
CCTGTCACCCGGGCTC-1,1
CCTGTCCCTCACGTTA-1,2
CCTGTCGCCCGTAAAT-1,5
CCTGTGCGGATTGTAA-1,2
CCTGTTTGAAGACACG-1,4
CCTTCAGTTAAAGTGA-1,3
CCTTCGTATAGAATCC-1,3
CCTTCTCAGCGTTCCT-1,5
CCTTCTTGATCCAGTG-1,2
CCTTGACCACTTTATT-1,5
CCTTTAAGGGAGCACT-1,3
CCTTTCAATGAAGAAA-1,2
CGAAACATAGATGGCA-1,2
CGAAACGCAATTCATG-1,5
CGAACAGTATGGGCGT-1,5
CGAACATAGTCAGAAA-1,2
CGAACCCGCATGCGTC-1,4
CGAACGCCCAGTGCCG-1,2
CGAACGGCCGGACAAC-1,5
CGAAGCTATAAATTCA-1,2
CGAAGGGTTTCAGATT-1,4
CGAAGTTGCTCTGTGT-1,5
CGAATCTGCTCGACGC-1,4
CGAATGAAGTCATTGC-1,4
CGAATGACGCATAATG-1,3
CGAATTACATGGTGTT-1,2
CGACAATTTGATCTAA-1,5
CGACACCGCTTAAGGA-1,2
CGACACGCTCCGACAG-1,5
CGACACGGATGCCCAC-1,2
CGACAGTTCGCGTTAT-1,5
CGACATGCGATCTTCT-1,2
CGACCCTTAACGCCGG-1,5
CGACGCATCCGTACCT-1,5
CGACTCAGGATGTTAT-1,2
CGACTCGGTACACGGT-1,2
CGACTTTGTATAGCCT-1,2
CGAGACCCTAGAGTGT-1,4
CGAGAGATGTGAACCT-1,2
CGAGAGCGCGTAGATA-1,5
CGAGAGCTTTCACTAC-1,3
CGAGAGGGTAGCCGCG-1,4
CGAGATTTCGCTCGGG-1,2
CGAGCACTTCAAGTTT-1,1
CGAGCGTTGATCAGCC-1,2
CGAGCTGGGCTTTAGG-1,2
CGAGGAGCTTCCATAT-1,2
CGAGGATCGGGAACGA-1,2
CGAGGCCAGGCATTGG-1,2
CGAGGCTAAATATGGC-1,2
CGAGGGACTGCGGTCG-1,5
CGAGGGTATCCAGGTG-1,3
CGAGTACTAAAGAGGA-1,4
CGAGTGAAGGTACCAG-1,4
CGAGTGCTATAGTTCG-1,2
CGAGTTCTGTCCCACC-1,2
CGAGTTTATCGGACTG-1,1
CGATAACCAATTTGAG-1,2
CGATAATACTCAGGTT-1,1
CGATACCTCGCGGACA-1,4
CGATAGCGATACAGTG-1,4
CGATAGTCGTACTGCA-1,3
CGATATTAGCCGCAGG-1,2
CGATCATTAGAGGCAC-1,2
CGATCCGACCCAGTGC-1,5
CGATCCTCGCAACATA-1,3
CGATCTGTTGGAGGAC-1,4
CGATGGACCCTACGCC-1,2
CGATGTTGTTATCTAC-1,4
CGATTAAATATCTCCT-1,3
CGATTCGCCTGGCTGC-1,3
CGCAAACACGAGTTAC-1,1
CGCAATTACTTTCGGT-1,1
CGCAATTAGGGTAATA-1,1
CGCAATTCTACAATAA-1,1
CGCACATGTCCACTAC-1,1
CGCACGTCTGTTTATG-1,3
CGCACGTGCGCTATCA-1,1
CGCAGAAACATTTGCG-1,2
CGCAGATCTTCACCCG-1,2
CGCAGGCGATCCAAAC-1,5
CGCATCATGGCTTCAG-1,2
CGCATCCATCAGCCAG-1,2
CGCATGCCGAATGCGT-1,3
CGCATGGTGCGATGCT-1,5
CGCATTAGCTAATAGG-1,1
CGCCAAGAAGCCGAGT-1,5
CGCCACAGGTCGCGAT-1,5
CGCCATCCGATTATGA-1,2
CGCCCAGCACGCCTAG-1,3
CGCCCAGCGTTTCACG-1,3
CGCCCGCTTCCGTACA-1,2
CGCCCTAATTGTTCAA-1,4
CGCCCTTACATCCACC-1,2
CGCCCTTGAAGGCTGA-1,1
CGCCGCCCATGCCTGT-1,5
CGCCGGTGTCGCAGTA-1,2
CGCCGTCTACCCATCG-1,2
CGCCGTTCAGCATAGT-1,4
CGCCTCCCTCCTCTAT-1,5
CGCCTGGCCTACGTAA-1,5
CGCCTTTAGCATGCTC-1,1
CGCGAAGTGGCATACT-1,3
CGCGACACTGCGCAGC-1,1
CGCGACCGCGACAGAT-1,3
CGCGAGAGGGACTTGT-1,2
CGCGAGTCTGCCGGGT-1,4
CGCGCAAATGTCCAGA-1,4
CGCGCAAGGAACTACA-1,2
CGCGCATGTTTGATTG-1,4
CGCGCCCGACTTAATA-1,2
CGCGGCAGTATTACGG-1,2
CGCGGCTCAACTTGAA-1,1
CGCGGGAATTAGGCAG-1,2
CGCGGTAAGTCTAGCT-1,2
CGCGGTACGGTATACA-1,4
CGCGGTCACAAACCAA-1,2
CGCGTACATTCTGGAA-1,2
CGCGTCATATTAAACC-1,2
CGCGTTCATGAAATAC-1,1
CGCTACGGGACATTTA-1,5
CGCTAGAGACCGCTGC-1,1
CGCTATACCGCCCACT-1,2
CGCTATCGTGGCTTTA-1,2
CGCTATTCAATGTATG-1,2
CGCTATTCTTAGGCTC-1,5
CGCTCGACATAATGAT-1,2
CGCTCTCCGTAGATTA-1,5
CGCTGGTGACTACCCT-1,5
CGCTGTGACGCCGCAC-1,1
CGCTGTGTGGATGTTG-1,3
CGCTTAGTATTGATAC-1,3
CGCTTATTCCCGGTCG-1,4
CGCTTCCACTGAAATC-1,2
CGCTTCGGTCTAAGAC-1,4
CGCTTGGACGGATAGA-1,4
CGCTTTCATACCGGTG-1,2
CGCTTTCTTGCATTCG-1,1
CGGAAAGAATCAAACG-1,3
CGGAAATTTCACATCC-1,2
CGGAACGTAAACATAG-1,4
CGGAGCAATTTAATCG-1,3
CGGAGCATGGCGATCC-1,5
CGGAGCTTATAACACC-1,2
CGGAGTTTGAGAGACA-1,1
CGGATAAGCGGACATG-1,1
CGGATCCTCAAGGACT-1,3
CGGCAAACATCGTGCG-1,4
CGGCAATAAGATCGCC-1,5
CGGCACCGTTAGCGCC-1,2
CGGCACTCAAGAAAGT-1,2
CGGCAGGGTCGGGTTG-1,2
CGGCCACGCACAAAGT-1,5
CGGCCAGAGCGACCAT-1,3
CGGCCCAACCTGTAGT-1,2
CGGCCCAGGTATATCC-1,1
CGGCGCCATCAATCCC-1,4
CGGCTCTAAAGCTGCA-1,1
CGGCTCTTCGTCGAAC-1,2
CGGCTGAAGGTTACGC-1,2
CGGCTGCAAGATTAAG-1,2
CGGCTTTGTATGATAA-1,2
CGGGAATATAGTATAC-1,5
CGGGAATTTATGTAAA-1,4
CGGGAGCTTCAGTGTA-1,5
CGGGAGTATACCGCCG-1,1
CGGGATCAATGTAAGA-1,2
CGGGCAGCTAAACCGC-1,5
CGGGCCATAGCCGCAC-1,2
CGGGCCTTCTTTGTAA-1,4
CGGGCGATGGATCACG-1,3
CGGGCTACTTAAATTG-1,2
CGGGTGTACCCATTTA-1,1
CGGGTTCGGCACGTAT-1,2
CGGGTTTGTTAGGGCT-1,5
CGGTACTAGAATCAAA-1,5
CGGTAGAGGTGCAGGT-1,2
CGGTATAGGTATTAGC-1,2
CGGTCAAGTGGGAACC-1,2
CGGTCCATGAGACTCC-1,2
CGGTCCGTCGCAAGCC-1,3
CGGTCTATCAACCCGT-1,2
CGGTGAAGACTAAAGT-1,1
CGGTGCAGATAGAACG-1,4
CGGTGCGCGTTGGTCC-1,4
CGGTGGGCTCCAGCCT-1,2
CGGTGTACTTGATCCC-1,2
CGGTTATCCAACAGTG-1,2
CGGTTCAAGTAGGTGT-1,2
CGGTTCCGGCTTCTTG-1,2
CGGTTGACCTGGCATA-1,5
CGGTTGAGTATCCTTC-1,3
CGGTTGGGTTCAAGTT-1,2
CGGTTTATGAAGGAAC-1,2
CGTAAACGCTTGAGTG-1,2
CGTAACGGAACGATCA-1,2
CGTAACTTCGACACTT-1,3
CGTACCTGATAGGCCT-1,2
CGTAGAGAGTAATTAT-1,3
CGTAGCGAATTGTCAG-1,2
CGTAGCGCCGACGTTG-1,2
CGTATTAAGAGATCTA-1,5
CGTCAAATGGTCGCAG-1,2
CGTCAAGGCTATAAAT-1,1
CGTCACGTCCATTGGT-1,4
CGTCAGCTATTTACTC-1,2
CGTCAGTGCGCACAAG-1,2
CGTCAGTTTATCGTCT-1,2
CGTCATACCATATCCA-1,1
CGTCGCATGTGAGCCA-1,3
CGTCGCGGCGGGATTT-1,2
CGTCGCTTGGTTATAC-1,4
CGTCGGATAGTGTTGA-1,2
CGTCGGGTCTAAGCGC-1,4
CGTCGTCCTTCGCGAA-1,3
CGTCTCTCGCCGAGGC-1,2
CGTCTGGAAGGGCCCG-1,2
CGTGAAGTTAATTCAC-1,4
CGTGACATTGGGTCGT-1,2
CGTGACCAGTCCTCTG-1,3
CGTGCAGACTGGGACA-1,5
CGTGCATTGTCGACGC-1,5
CGTGCCCTCCCGAAGA-1,5
CGTGCTGGCCTAGTCG-1,2
CGTGCTTCTACCTAAA-1,4
CGTGGAAGCCTCGTAC-1,5
CGTGGCCGAATATCTA-1,5
CGTGGTACCCAAAGGC-1,3
CGTGTATGGGAGCTGA-1,4
CGTGTCCCATTCGCGA-1,1
CGTGTCTCGTTACGAC-1,3
CGTGTGTTAAACCCTG-1,2
CGTTAAACTAGTTAGG-1,5
CGTTAATGTCCCGACG-1,3
CGTTAGCTCACAACTG-1,2
CGTTCAAGGAAACGGA-1,3
CGTTCAGACCCGCGAA-1,3
CGTTCATGGTGCGCGT-1,4
CGTTCTTCGCACACCT-1,2
CGTTGAATACCGCGCT-1,3
CGTTGAGCGACCGTCG-1,5
CGTTGAGTAATTGCGT-1,2
CGTTGCCCGCGTGGGA-1,3
CGTTGTAAACGTCAGG-1,1
CGTTGTAAGATTGATT-1,2
CGTTGTCGGCAATTGA-1,3
CGTTGTTTCAATTCCC-1,5
CGTTTAAGCGGAGCAC-1,2
CGTTTACAAGGCAGCT-1,2
CGTTTCACTTCGGGCG-1,2
CGTTTCGCTCATTACA-1,5
CGTTTGGTGTTGTGGG-1,4
CGTTTGTGTAGAGGGT-1,4
CTAAAGAATGCCTACT-1,5
CTAAAGGGAAATAGGA-1,4
CTAAATCCGGTGTACA-1,3
CTAAATCCTATTCCGG-1,2
CTAACCGCGCGCCCGT-1,5
CTAACGAAACTTGCTG-1,2
CTAACTGATAATCGCC-1,4
CTAACTGGTCCGGTTC-1,4
CTAAGGGAATGATTGG-1,5
CTAAGTACAGGGCTAC-1,2
CTAATTATGAAGCGTA-1,2
CTAATTCGCACGCGCT-1,1
CTAATTCTCAGATATT-1,2
CTAATTTCAACAACAC-1,1
CTACAAGAAATAACCC-1,3
CTACACTCGCAGATGG-1,4
CTACCCTAAGGTCATA-1,2
CTACGAACTAGGTCGA-1,2
CTACGACTAGCTATAA-1,5
CTACGCACGGAGTACC-1,5
CTACGCCATTTCCGAT-1,2
CTACTATCATAGGTTT-1,4
CTACTATCTTTCAGAG-1,2
CTACTCAAGGTATAGT-1,3
CTACTCTAGGCCCGGC-1,1
CTACTGCCACCTGACC-1,1
CTAGACATATATGTAG-1,2
CTAGACTGCATTTCGT-1,2
CTAGATAAACTCCTCG-1,2
CTAGATGTGAGTGTAA-1,2
CTAGATTTACGACGGC-1,5
CTAGCATAGTATAATG-1,5
CTAGCCACAGGCGAGC-1,5
CTAGCCGATGTTATGA-1,2
CTAGCGCCAATCCTAC-1,2
CTAGCTTAATGGTCCC-1,1
CTAGGCGCCCTATCAG-1,4
CTAGGCGGCAGAGAAT-1,2
CTAGGTCTGAAGGAAT-1,2
CTAGGTTCGGACGTGA-1,3
CTAGTAGAAAGGGATT-1,3
CTAGTATTCGGAATTA-1,2
CTAGTCACGTCTTAAG-1,5
CTAGTGAAGGACAGGA-1,5
CTAGTTACAACCCGGT-1,3
CTAGTTGGGCCCGGTA-1,2
CTATAAGAGCCAATCG-1,2
CTATAGGCGTTGATGT-1,3
CTATATCCAGCCTGGC-1,3
CTATCGACGAAATACA-1,4
CTATCGCGTAGAGAAC-1,5
CTATCGGGTCTCAACA-1,5
CTATGCCCGAATGCAA-1,3
CTATGGGAAGCGGAAT-1,4
CTATGTCACTAGCCCA-1,1
CTATGTCTATTGAAAC-1,2
CTATGTGAGTCACGGC-1,5
CTATTCATGTGTCCCA-1,3
CTATTGTGTTTGGTCA-1,2
CTATTTGGTTACGGAT-1,1
CTCAAACCACTGCCCG-1,3
CTCAACTAACCCGGAT-1,3
CTCAAGACATTAGCGC-1,2
CTCACACGCAAGCCTA-1,2
CTCACATTTACTAAAT-1,3
CTCACCGATCCAAACT-1,2
CTCACTGTGATACTTA-1,3
CTCACTTGGCTGGTAA-1,5
CTCAGCAGACTGCCGA-1,2
CTCAGGACTCACCTGT-1,2
CTCAGTCACGACAAAT-1,2
CTCATGGCTCACAATC-1,2
CTCATGGTAATTTGCG-1,4
CTCATTGCTCTAACAA-1,3
CTCATTTGATGGGCGG-1,2
CTCCCAATGAGTCGCG-1,5
CTCCCTCCTTTCGATC-1,4
CTCCGAGTAAATCCGC-1,2
CTCCGCCCACATGAGG-1,4
CTCCGGCCTAATATGC-1,2
CTCCGGCTTGTAGACA-1,2
CTCCTAAGTTATGTCT-1,2
CTCCTCCAGCTCACAC-1,3
CTCCTGTTCAAGGCAG-1,5
CTCCTTTACGCAAGTC-1,2
CTCGAATGGAACGTAT-1,2
CTCGAGACATACGATA-1,4
CTCGAGATCCAAAGCA-1,2
CTCGAGGTCGAACAGT-1,1
CTCGATATTTGCGAGC-1,2
CTCGCACCTATATAGT-1,2
CTCGCATTGCATAGCC-1,4
CTCGCCGAATGTAGGG-1,3
CTCGGGATAACACCTA-1,2
CTCGGGTTCTCTGGCC-1,4
CTCGGTACCACTGCTC-1,5
CTCGGTCCGTAGCCTG-1,2
CTCGGTTGTCGGCCCT-1,4
CTCGTCGAGGGCTCAT-1,4
CTCGTTTCTAATGTTT-1,2
CTCTAATGCATTGATC-1,2
CTCTACACTGGCGATT-1,5
CTCTAGCCCTCGGAAA-1,3
CTCTATTTGGCTGCAG-1,4
CTCTCACAATCGATGA-1,1
CTCTCGATGTGCGCCT-1,2
CTCTCGCTGTACTATG-1,1
CTCTCTAACTGCCTAG-1,4
CTCTGCGAAGCAAGCA-1,2
CTCTGGACGCCTGGTG-1,5
CTCTGTTTGAGGATTC-1,2
CTCTTCTATTGACTGG-1,5
CTCTTCTGGAAGTTAG-1,3
CTCTTGTCCCGCTTGG-1,3
CTGAAACGGCCCTCAG-1,2
CTGAAAGAGATCCGAC-1,2
CTGAATCCGAGACCTC-1,4
CTGAATTTATTGCCAG-1,2
CTGACATAGAAATAGA-1,5
CTGACTGCGCAGCTCG-1,2
CTGAGAAAGTTCGGCG-1,5
CTGAGCAAGTAACAAG-1,2
CTGAGCGAGACTTATT-1,2
CTGATAGTGTATCTCA-1,1
CTGCAAGCACGTTCCG-1,4
CTGCACAACTACATAT-1,4
CTGCACCTAGTCCACA-1,2
CTGCACCTGGAACCGC-1,2
CTGCACTCCAGTACAG-1,3
CTGCAGAGAATCAGAG-1,4
CTGCCAAGGTTGGAAG-1,2
CTGCCATGCATCACAT-1,4
CTGCCCACGAAGCGTT-1,1
CTGCCTAGCCACCAAG-1,2
CTGCCTCATATGCAAC-1,2
CTGCCTTTAATACCTT-1,4
CTGCCTTTCTAGTAAA-1,3
CTGCGGGTGAAATGTT-1,1
CTGCGGTAGTCACGTG-1,2
CTGCGTTACGATATAA-1,2
CTGCTGAGGCCACGAA-1,4
CTGCTGTCTAACGAGC-1,5
CTGCTTGGCGATAGCT-1,4
CTGCTTTATGTCCGCG-1,2
CTGGAAATGGATGCTT-1,5
CTGGAAGACACGGTGG-1,4
CTGGACGCAGTCCGGC-1,4
CTGGATTTACACTTGA-1,4
CTGGCATCCGAATGAG-1,4
CTGGCGACATAAGTCC-1,2
CTGGCGCACAGGTCTG-1,1
CTGGCGGGAATAAGTA-1,1
CTGGCTCCTGCGGGAT-1,2
CTGGCTGATTCATCCT-1,5
CTGGCTGGTTGTCAGT-1,3
CTGGGATAAATAATGG-1,1
CTGGGATACGCTACCC-1,2
CTGGGCACTAGTCGGA-1,2
CTGGGCCTGCTATATC-1,4
CTGGGCGGCCAAATGT-1,2
CTGGGCTATCCTTTGG-1,2
CTGGGTAGGCAGTTAA-1,5
CTGGGTTGAGTTAAAG-1,4
CTGGTAAAGTGTGGGC-1,4
CTGGTAACACATAGAA-1,5
CTGGTAACGAGCTCTT-1,2
CTGGTCATTCCAATCC-1,1
CTGGTCCTAACTTGGC-1,2
CTGGTGAATGGGCCTA-1,4
CTGGTTCAACGCATCA-1,2
CTGGTTTCGAGCAAGA-1,5
CTGTACTTCTTAGCAT-1,4
CTGTAGCCATCTCACT-1,3
CTGTAGTGAGGATCGA-1,3
CTGTATGGTGTAGAAA-1,1
CTGTCAAATGGCTCGG-1,2
CTGTCACGCCAGGCGC-1,2
CTGTGCAGGGTAGGTC-1,5
CTGTGGTCGGGAGATA-1,4
CTGTTACCCAATCTAG-1,4
CTGTTCACTGCCTGTG-1,2
CTGTTCATCTCACGGG-1,1
CTGTTGTTCAGTCGTA-1,4
CTTAAATAAGACCCAT-1,1
CTTAACTTCGAAGTAC-1,2
CTTACACGGTATTCCA-1,5
CTTACACTGGGAAATA-1,2
CTTAGCCCGGATAGTG-1,1
CTTAGCCTTCCACATG-1,2
CTTAGGTATAGACCAG-1,4
CTTAGTAGGCCTACAG-1,2
CTTAGTGTAGTAGCAT-1,3
CTTAGTTGAGGAATCG-1,3
CTTATAGATGGCTGTT-1,4
CTTATGCGCTCAGGGC-1,5
CTTATGTTGACTACCA-1,2
CTTCAACTCCACTTGG-1,3
CTTCAGTGGTCGCCTA-1,4
CTTCATAGCTCAAGAA-1,2
CTTCATTGTCAGTGGA-1,5
CTTCCGCTCCGTGAAG-1,3
CTTCCTGCATATTTAC-1,2
CTTCGATTGCGCAAGC-1,3
CTTCGGCCAATTGTTT-1,5
CTTCGTAGATAGGTGA-1,5
CTTCTATGTTGAAGTA-1,4
CTTCTATTAATGCTAG-1,4
CTTCTGGGCGTACCTA-1,3
CTTCTTACGTCGTATA-1,2
CTTGACCCGAAAGATA-1,2
CTTGAGGTTATCCCGA-1,2
CTTGAGTTAGGGTAAT-1,1
CTTGCAACCGCCTCCT-1,4
CTTGCCCAGGCTCTAC-1,4
CTTGGCCAAGCTGGGA-1,3
CTTGTACTTGTTGACT-1,2
CTTGTCAACATTCGAG-1,4
CTTGTGAGTCTTTGAC-1,2
CTTGTGCTCACCGATT-1,2
CTTGTTGCTGAGTCAA-1,5
CTTGTTTATGTAGCCA-1,2
CTTTAACTTTCAAAGG-1,2
CTTTAATATTGGTCGA-1,4
CTTTACCGAATAGTAG-1,4
CTTTAGGAACACTGTT-1,5
CTTTAGTGCTATTATT-1,4
CTTTCTGTGCGGGCTT-1,3
CTTTGAAACATATTCC-1,2
CTTTGCATCGCTCTTG-1,4
CTTTGCTGTCATGGAT-1,5
CTTTGGCAGACAGAGT-1,2
CTTTGGCGCTTTATAC-1,1
CTTTGGCTTTAGTAAA-1,5
CTTTGGGATTGTTGCA-1,3
GAAACAGATGACCACC-1,1
GAAACAGCCATGCAGT-1,2
GAAACATAGGAAACAG-1,4
GAAACCATGGTGCGCT-1,2
GAAACCGAATTACCTT-1,4
GAAACCTATACAAATG-1,3
GAAACTCGTGCGATGC-1,1
GAAACTCTAATGAAGG-1,2
GAAAGAACAGCGTTAT-1,2
GAAAGCAGTGCACTTT-1,3
GAAAGCCCTTTGGACC-1,1
GAAAGTGACTAACTGC-1,1
GAAATACCTGCTGGCT-1,2
GAAATACTAAACGTTT-1,2
GAAATATCACCATCAG-1,1
GAAATATGCTTGAATG-1,2
GAAATCGCGCGCAACT-1,2
GAAATGGCGGTGTTAG-1,5
GAAATGGGATGTAAAC-1,2
GAAATTAGCACGGATA-1,2
GAAATTCACATCGCTG-1,2
GAAATTGTCTCTATAA-1,4
GAACAACTGGGATGAA-1,3
GAACACACATCAACCA-1,2
GAACAGATTACTAAAT-1,3
GAACATTAGTATGTTA-1,2
GAACCATCTGGGAGAC-1,2
GAACCCTCTGTGTTCT-1,3
GAACCTCGACCTACAC-1,5
GAACCTTTAACGATCC-1,3
GAACGACCGAATGATA-1,2
GAACGATAAGTTAAAG-1,2
GAACGCGGGTCACACG-1,5
GAACGGTGTAAAGCAG-1,2
GAACGTCTCATGGTCG-1,2
GAACGTTAGGAAGACG-1,1
GAACTGTGGAGAGACA-1,3
GAACTTAGCGCCCGGT-1,2
GAACTTGTGCACGGGA-1,2
GAAGAAACGATATTGT-1,4
GAAGAACGGTGCAGGT-1,2
GAAGACTTCAATGCCG-1,2
GAAGCCACTGATTATG-1,3
GAAGCCTGCACATTCC-1,3
GAAGCGTGAGGAATTT-1,5
GAAGCTCGGACCCGTC-1,4
GAAGCTTGCTGACCGC-1,1
GAAGGAGTCGAGTGCG-1,3
GAAGGCTACCATTGTT-1,2
GAAGTCAGTTGCACTA-1,3
GAAGTCTCCCTAGCGA-1,1
GAAGTGATTTATCGTG-1,5
GAAGTGCTGGATAGCT-1,2
GAAGTTTCCACTCAAT-1,5
GAATAGACGCGACCCA-1,5
GAATAGCATTTAGGGT-1,1
GAATAGCCCTGCGGTC-1,2
GAATAGTGCTCGATTA-1,3
GAATATTCGGAGTCCC-1,2
GAATCGACATGGTCAC-1,1
GAATCGCCGGACACGG-1,2
GAATCTATACTCGGAC-1,2
GAATCTGAACATTCTC-1,4
GAATGAAGGTCTTCAG-1,2
GAATGCCGAAATGACC-1,1
GAATGCGAATCGGTTC-1,3
GAATGTATGGCAGGTC-1,2
GAATGTGGTCCGGATT-1,5
GAATGTTGGGTAATCT-1,2
GAATTATAGTGAAAGG-1,5
GAATTATGCAACCTAC-1,2
GAATTCACCCGGGTGT-1,4
GAATTTCTCGCTGCAG-1,1
GACAAACATATGCAGG-1,1
GACAACGACCATTGAA-1,2
GACAACGCAGCTTACG-1,2
GACAAGAGATGAGATT-1,5
GACACAAGGGAAGAAA-1,1
GACACGAGTTAGAGGA-1,1
GACACTGAGTTCAGTG-1,4
GACACTGGAACCCGAT-1,5
GACAGATTTCTGGCTC-1,5
GACAGCCAGACCTGAC-1,5
GACAGGCACACACTAT-1,5
GACATACTGTCGCAGA-1,1
GACATCCGTCGAACTG-1,3
GACATCGATTTATAAC-1,4
GACCAAACGTTGACTG-1,4
GACCAGAGCCCTGTAG-1,5
GACCAGGTCATTCATA-1,2
GACCCAATTATGATAC-1,4
GACCCGTCGCCGGCTA-1,2
GACCGACGTGAAAGCA-1,2
GACCGACTGAAGCGTC-1,1
GACCGATTAAATATGT-1,4
GACCGCGTCTGACGTG-1,5
GACCGTCAGGTCGTGA-1,2
GACCGTGCTGACGGTG-1,4
GACCTTCCACGTCTAC-1,3
GACGACGATCCGCGTT-1,4
GACGAGGCTAATAAAC-1,4
GACGCCGTAAAGGCTA-1,3
GACGCCTGTTGCAGGG-1,2
GACGCTTGCTTCTAAA-1,5
GACGGACCGCGTTCCT-1,2
GACGGGTTGGCCCGTA-1,3
GACGGTCAATAGAAGC-1,2
GACGTGAGACTCCATG-1,2
GACGTGTAGGGATTAT-1,1
GACGTTCGTAAATACA-1,2
GACTAACACAGCACCT-1,2
GACTAAGATCATGCAC-1,1
GACTAAGTAGGCTCAC-1,1
GACTACAAAGCGGTGG-1,4
GACTACAATTGCTCGT-1,2
GACTAGGCCGTTAGGT-1,3
GACTCACCCACGTGAG-1,2
GACTCCCAGAATAAGG-1,2
GACTCCTTCCAATTGA-1,4
GACTCGCGGGAATGAC-1,2
GACTCGGTCGGCGGAT-1,2
GACTGATTGGTCACAA-1,2
GACTGCAAATCGAGCT-1,3
GACTGCACCAGCCCAG-1,5
GACTGCGGCACGTGTA-1,1
GACTGCTGGTGAGAAA-1,3
GACTGGGCGCCGCAAC-1,2
GAGAATCTCACGATCA-1,1
GAGACCCTGCAACGCC-1,2
GAGACTGATGGGTAGA-1,1
GAGACTTCGCGACCGA-1,3
GAGAGCGCAGTCCCTG-1,1
GAGAGGGCGCGAGGTT-1,5
GAGAGGTGCATTCTGG-1,4
GAGATCTGCTTGGCAT-1,5
GAGATCTGTCACTCCG-1,2
GAGATCTTCCATGACA-1,5
GAGATGACAATCCTTA-1,2
GAGATGGCTTTAATCA-1,3
GAGATGGGAGTCGACA-1,4
GAGCACCTGTGTCCAG-1,3
GAGCACGGCGCCTCTT-1,2
GAGCATCAACAACTTG-1,4
GAGCATCATCCCTGGG-1,2
GAGCCACGGTAGTAGG-1,2
GAGCCAGCTACCTGTG-1,4
GAGCCGAGCGTTTATT-1,2
GAGCGAGGGAGTACCG-1,2
GAGCGCAAATACTCCG-1,5
GAGCGCGCACGAGTAG-1,5
GAGCGCTGTTAGGTAA-1,4
GAGCGGAATGCGGTGT-1,3
GAGCTAAGGGCATATC-1,2
GAGCTCTCGGACCTAA-1,2
GAGCTGTCGTCTCGGA-1,2
GAGGAATGGAGAGGTT-1,1
GAGGATAAACAGTGCT-1,2
GAGGCATTTGCAGCAG-1,2
GAGGCCCGACTCCGCA-1,4
GAGGCCTGTTGATACA-1,4
GAGGCTATCAAAGTCG-1,1
GAGGGAGTCAGATCGC-1,3
GAGGGCATCGCGTATC-1,2
GAGGGCCGGCAGAGTC-1,2
GAGGGCGCAGCTCTGC-1,2
GAGGGTAGTAACAAAG-1,3
GAGGTACATCCATCTT-1,2
GAGGTACGCGTGTCCC-1,3
GAGGTCCCAAAGATCT-1,2
GAGGTCTTAGTGGGTC-1,2
GAGTAAACCGGAAAGT-1,5
GAGTAAGGCCACGGGA-1,5
GAGTACGGGTATACAA-1,2
GAGTAGATACTAGTTG-1,3
GAGTATCAAAGTTACA-1,5
GAGTATGCCCGCCTTG-1,4
GAGTATGCGCGTGCAT-1,3
GAGTCAGACCAGAATC-1,3
GAGTCCGCTTACCGGA-1,4
GAGTCGACAGACCCTC-1,1
GAGTGCACGGACAACA-1,2
GAGTGTCAACCAGAAA-1,3
GAGTGTGCGGTACCCA-1,5
GAGTTGATGGCAATTT-1,4
GATAAATCGGTGGATG-1,2
GATAACTCGCACTGTG-1,1
GATAAGGCAGATGCAA-1,2
GATACGATGGGAGTCA-1,4
GATAGGTAACGTTGAC-1,4
GATAGGTGTCCCGGGC-1,2
GATAGTGCGAGTAAGT-1,3
GATATCTCATGCAATA-1,2
GATATGAGACACTAAC-1,5
GATATGCGGTAGCCAA-1,2
GATATGGATTACGCGG-1,1
GATATTGAGATTGGCG-1,2
GATATTTCCTACATGG-1,2
GATCAACATAAAGGGA-1,3
GATCATTCCAAACATT-1,5
GATCCCTTTATACTGC-1,1
GATCCGAATATAAGTG-1,2
GATCCGGGAATTAACA-1,5
GATCCTAAATCGGGAC-1,2
GATCCTCGACACTGGC-1,4
GATCCTCTTGCGCTTA-1,2
GATCGACACTATCTGA-1,1
GATCGCGGGCTCTCCA-1,5
GATCGCTACCCGATTT-1,5
GATCGCTATATCTCAG-1,4
GATCGGATAGAACCAT-1,5
GATCGGCGATAAGTCG-1,1
GATCGGTGGCCATAAC-1,2
GATCGTGACTGATATC-1,5
GATCTCGACGCTGTGG-1,5
GATCTGCTATCTAAGG-1,3
GATCTTAGTGAACGTG-1,2
GATCTTCATTGTCCTC-1,1
GATCTTGGAGGGCATA-1,5
GATCTTTGCAGGGTAT-1,5
GATCTTTGCTCAAAGA-1,2
GATGACAAGTAGGGCA-1,4
GATGACGATGATCGCG-1,2
GATGAGGAACCTTCGG-1,3
GATGCCAGCAGAAGGC-1,1
GATGCCTTCTGCGGCA-1,4
GATGCGAATGGTATTA-1,1
GATGCGTCCTGCATTC-1,5
GATGCTACAAGCGCCT-1,2
GATGCTGTATTTCATC-1,5
GATGGCGCACACATTA-1,2
GATGGTGAAATAACCC-1,2
GATGGTGCCCTAGGCA-1,2
GATGTAACGAACCACC-1,4
GATGTCCGGATCACAT-1,2
GATGTCGGTCAACTGC-1,2
GATGTGTTGTCACAAG-1,2
GATGTTCAATCCACGA-1,4
GATGTTTGTGCGAGAT-1,1
GATTAACCGAAAGCCC-1,4
GATTACTGAATTTGGG-1,4
GATTCCCTTGTCGCAG-1,2
GATTCCGCGTTTCCGT-1,2
GATTCCTATACGGCGC-1,1
GATTCGACGGTTCACG-1,5
GATTGACACTCTGCTC-1,2
GATTGCTCCAGTTGCA-1,4
GATTGGGAAAGGTTGT-1,3
GATTTAGTGCGTACTG-1,2
GCAAACCCTACATTAT-1,5
GCAAACCTTGGCCATA-1,3
GCAAACGTCGCCAGGT-1,1
GCAAAGGGCGTTAGCC-1,4
GCAAATATTACGCTTT-1,5
GCAACACACTAGAACT-1,5
GCAACAGCAGTATGCG-1,5
GCAACCACCAGACCGG-1,2
GCAACCACGGCCGCGT-1,4
GCAACGGCTAGTTATG-1,1
GCAAGAATTCCTTGGC-1,4
GCAAGATGTGTTCGCG-1,2
GCAAGTGCACAGAGAA-1,1
GCAAGTGTAAAGCATG-1,3
GCAATTAGTCGCACCG-1,2
GCACAAACCCTAGATG-1,4
GCACAAACGAGGCGTG-1,1
GCACAACCTCGGGCGT-1,4
GCACAAGTGTCGGAAG-1,2
GCACACACTGGTAGCC-1,4
GCACACGCCCATGGTC-1,1
GCACGCCTACTTAGAT-1,4
GCACGTGGTTTACTTA-1,4
GCACTAGTCGCGCTAT-1,2
GCACTGCCTACCTTTA-1,3
GCACTGTGCAAATGTA-1,2
GCAGAAACGTAATCCA-1,2
GCAGAAGGTAATCTCC-1,5
GCAGACCCAGCACGTA-1,1
GCAGATCCATAAGACT-1,4
GCAGATCCTCGCAAAT-1,1
GCAGATTAGGGATATC-1,5
GCAGCACACAGCCCAG-1,5
GCAGCCTATATCACAT-1,2
GCAGCGGTGGGCATTA-1,2
GCAGCTATGGACAGGT-1,2
GCAGGAACTTAGATCT-1,4
GCAGGACTATAGAATA-1,5
GCAGGTAGAGTATGGT-1,2
GCAGTGCGGGCGGATG-1,5
GCAGTGTGGCTATAGG-1,3
GCAGTTCGATCCGAGC-1,5
GCATAAATTGAACGCC-1,2
GCATACGAGGTCTTTA-1,5
GCATAGAGCACTCAGG-1,5
GCATCCCTAACTTTGA-1,2
GCATCGGCCGTGTAGG-1,5
GCATGAGGGACGCGGC-1,2
GCATGCTAATAACGAT-1,3
GCATTCAAGGCAACGC-1,2
GCATTCGAAATGAACA-1,1
GCATTGTAATTCATAT-1,5
GCATTTCCAAGGCTCC-1,2
GCCAACCATTTCCGGA-1,2
GCCAAGAATACTTCTG-1,5
GCCAATAGGGCATCTC-1,2
GCCACAATTTAAGGAC-1,4
GCCACTCAGAGCGCGA-1,4
GCCACTCCTTACGGTA-1,5
GCCAGGAGTAACCGAT-1,2
GCCAGGCGTTCGCATG-1,2
GCCATATTGCACACAG-1,2
GCCATCGAGCTGCGTG-1,3
GCCATCGATGCTGCAT-1,2
GCCATTAGCCTCAAAC-1,4
GCCCACCAAGGCTGTC-1,2
GCCCACTGGTCCACAA-1,2
GCCCAGATGCTGGAGA-1,2
GCCCAGTTGGTATGCC-1,1
GCCCATGGGTGCAATG-1,2
GCCCGACTTCTTCCCG-1,4
GCCCGAGAGTCTAAAT-1,4
GCCCGATCTGTGGTCG-1,3
GCCCGCGCGTAAACGG-1,4
GCCCGCGCGTTTGACA-1,2
GCCCGTAATACCTTCT-1,2
GCCCTAGCCGTCGCGA-1,4
GCCCTGAGGATGGGCT-1,3
GCCGAAATTCCTACGT-1,5
GCCGACCCACGACTGC-1,4
GCCGATTGGCCAAGCT-1,4
GCCGCACTCCGTTTCA-1,1
GCCGCATTAGTCCGGC-1,1
GCCGCTAGATACGCAG-1,2
GCCGCTTGTGAGAAAC-1,5
GCCGGAAACACATCTT-1,2
GCCGGGTTAGGGTCGC-1,4
GCCGTGGAAGAAATGT-1,2
GCCTACGTTCTGTGCA-1,3
GCCTAGCGATCTGACC-1,2
GCCTATAGTGTCAGGG-1,2
GCCTATGCTGGGCCTT-1,2
GCCTATTCCGATATAG-1,1
GCCTATTTGCTACACA-1,2
GCCTCATCTGGAAATA-1,1
GCCTCCGACAATTCAC-1,4
GCCTCTATACATAGCA-1,3
GCCTGCTACACTGAGA-1,2
GCCTTCAGCCCTACCG-1,2
GCCTTGTATATGCAGT-1,2
GCCTTTGTCAGTGGAC-1,4
GCGAAACGATCGGGAG-1,4
GCGAAACTTAACTGGA-1,5
GCGAAGAATCTGACGG-1,3
GCGAAGCCATACCCGT-1,5
GCGACATGTAAACATC-1,2
GCGACCCAACCATCTG-1,4
GCGACGATAGTTGTAC-1,4
GCGAGAAACGGGAGTT-1,2
GCGAGAGGCCATGTAA-1,2
GCGAGAGTTGCGTCCA-1,2
GCGAGCGCATGCTCCC-1,2
GCGAGGCCCGAGCAGA-1,5
GCGAGTTCTGCAAAGA-1,5
GCGATTCTGGAAGCAG-1,2
GCGATTGTTAACGTTA-1,5
GCGCAAATATATTCAA-1,4
GCGCAAGAGCGCGCTG-1,1
GCGCATCCAGTCAGCA-1,2
GCGCCGTTCCACGATA-1,5
GCGCCTCCCACTCCGA-1,5
GCGCGGTCTAGTAACT-1,3
GCGCGTCATTGGTACA-1,3
GCGCTAAGTATGCATG-1,2
GCGCTAATTGAATAGA-1,1
GCGCTATGCCGAGGCA-1,4
GCGCTCGATCACCTGT-1,1
GCGCTGATCCAGACTC-1,2
GCGCTGCTTTGCATTT-1,2
GCGCTTAAATAATTGG-1,4
GCGGACCGCGTTGTGG-1,4
GCGGAGAAACTTCGCA-1,4
GCGGAGAGGGAGAACG-1,5
GCGGCAAAGTATTGCC-1,4
GCGGCTCTGACGTACC-1,5
GCGGGAACCAGGCCCT-1,2
GCGGGCATTACGATGC-1,2
GCGGGCGAGCCTTACC-1,3
GCGGTAACCCAAATGA-1,2
GCGGTCCCTAGACGCA-1,2
GCGGTGAACTGCGCTC-1,2
GCGGTTCCCTATCATG-1,4
GCGTAAATGGCCATAA-1,2
GCGTCCCTAAGACATA-1,3
GCGTCGAAATGTCGGT-1,2
GCGTCGCCAGGGTGAT-1,3
GCGTCTCTGCATTGGG-1,5
GCGTGGTACTGGGTTA-1,1
GCGTGTATGTCGTATT-1,2
GCGTTATATTTGGAAC-1,1
GCGTTCGGAGACCGGG-1,2
GCTAAACCTGAGGTGA-1,1
GCTAACTGAAGTCTGA-1,3
GCTAAGTAAAGGCGAT-1,1
GCTAAGTAGTTTCTCT-1,1
GCTAATACCGAATGCC-1,2
GCTACAATCGAGGATA-1,4
GCTACAGTACGGACCG-1,5
GCTACGACTTATTGGG-1,5
GCTACTATAGTAGAGT-1,5
GCTAGACCGTCTACTG-1,1
GCTAGAGTAGAGATGT-1,4
GCTAGCACCTGGGCCA-1,2
GCTAGCAGGGAGTGGG-1,2
GCTAGCGATAGGTCTT-1,4
GCTAGCTTGAATAGCT-1,4
GCTAGGCACCACGGAG-1,4
GCTAGTAGAGCTTGTA-1,5
GCTAGTTTCATTGAGG-1,2
GCTATACGTCTCGGAC-1,4
GCTATCATACTCATGG-1,4
GCTATCGCGGCGCAAC-1,1
GCTCAACCTCTTAGAG-1,2
GCTCAATCCGTTTATT-1,4
GCTCAATGTAATACCG-1,3
GCTCATTACTGCATGT-1,2
GCTCCATGAGTGCAGA-1,5
GCTCCATGCAAAGCAA-1,3
GCTCCCAGTCGGTCCA-1,1
GCTCCGCTCGCTTCAG-1,1
GCTCCGGACGTTGATA-1,2
GCTCCTGACATACTGG-1,4
GCTCGACCGAACTGAA-1,2
GCTCGCGGTTCCGCTC-1,1
GCTCGCTCATGTCCAA-1,1
GCTCGGAATTTAAAGC-1,2
GCTCTAAACCCTGACG-1,1
GCTCTATGTTACGTGC-1,1
GCTCTCGGGTACCGAA-1,1
GCTCTTTCCGCTAGTG-1,3
GCTGAACTCTCCAGGG-1,2
GCTGAATCTTCCAATC-1,4
GCTGAGCAACGGTTCT-1,1
GCTGAGGCGTGAGTAT-1,5
GCTGCACGGTTTCTTA-1,5
GCTGCTAAGTAGTCGA-1,3
GCTGCTACTGCGTAGC-1,4
GCTGCTCTCCGGACAC-1,1
GCTGGACCCAAAGTGG-1,2
GCTGGCATATTCACCT-1,1
GCTGGCGGCGCATGCT-1,3
GCTGGTGACTCGTAGT-1,2
GCTGGTTTAGGCCATA-1,4
GCTGTATTACTGGCCC-1,4
GCTGTCTGTGATCGAC-1,2
GCTGTTGCTACCGAAC-1,1
GCTTAATGTAACTAAC-1,5
GCTTACGTAGTTAGTA-1,2
GCTTAGGGAAGCGGTA-1,2
GCTTATGAAGCAGGAA-1,1
GCTTCAGTGGGATTAC-1,2
GCTTCCGTCCCTAGAC-1,2
GCTTGATGATAATCAG-1,1
GCTTGCAGCACAATTG-1,2
GCTTGGATCGATTAGG-1,2
GCTTTCAGAGGAGGTG-1,2
GCTTTCTATCTCAACT-1,2
GCTTTGCTGCCGGGTA-1,2
GGAAACCTTGTTGAAT-1,2
GGAAACTAAATGGGCC-1,4
GGAAAGTGCCCATGCC-1,2
GGAACCCGAACAAGAA-1,1
GGAACCGTGTAAATTG-1,4
GGAACCTTGACTCTGC-1,4
GGAACGGCCTGCAGCC-1,1
GGAACTTTGGCGATTA-1,4
GGAAGATAAGACTGTA-1,2
GGAAGCTCGCTTACAG-1,2
GGAATAACCTCAAGAA-1,2
GGAATGCGCTAGCGTG-1,1
GGACAAGTTGCAGTGA-1,1
GGACACAAGTTTACAC-1,5
GGACCAACAGGATAAC-1,4
GGACCTACGGTAACGT-1,2
GGACCTCTAGGCCGCC-1,4
GGACGGCTTGCGCAAC-1,2
GGACGTCCATAGTTGG-1,2
GGACTCACAAATTAGG-1,5
GGACTCGACAGCGCAT-1,3
GGACTCGTGAGTGGTC-1,3
GGACTCTTCCGGTTGA-1,5
GGAGAAGTCATTGGCA-1,1
GGAGACCAATGTGCTT-1,2
GGAGACCATCTACATA-1,5
GGAGACGACACCTTTG-1,5
GGAGCAACATTTCAAG-1,4
GGAGCACCAAGAACTA-1,2
GGAGCGAGGCCTACTT-1,3
GGAGGATTGAAAGGAG-1,2
GGAGGCCGAAGTCGTC-1,2
GGAGGCGAAGAACCGC-1,2
GGAGGGCTTGGTTGGC-1,1
GGAGGGTCAAGTAAGA-1,4
GGAGTGCCGCCCTGGA-1,2
GGATACTCATGAATTG-1,2
GGATCAAAGGACGAGG-1,2
GGATCATCCCGTACGC-1,2
GGATCCGGAATATACT-1,1
GGATCTTACTGCCCTT-1,3
GGATCTTGACTCAACC-1,4
GGATGAAGATCGCTGA-1,1
GGATGACGCGAGTTTA-1,5
GGATGCTGGCGTTCCT-1,5
GGATGTCCTTACCGCA-1,1
GGATTAAGCTAAGGTC-1,2
GGATTCAGTACGGTGG-1,2
GGATTCCGCTATACCC-1,2
GGATTGCTGTGACTCC-1,3
GGATTTCACTTCTATA-1,1
GGCAAAGGCGCCAATA-1,4
GGCAAATTACTTTACT-1,4
GGCAAGCCAGGGATAG-1,2
GGCAAGCCCATAGTGG-1,3
GGCAAGGCGAAATAGC-1,4
GGCAATAGTCAATGAG-1,1
GGCACTCAGCCGACCC-1,5
GGCACTCCACTGGGCA-1,5
GGCAGCAAACCTATGC-1,5
GGCAGCGGTAATCCTA-1,2
GGCATACAGGTAGCGG-1,5
GGCATATCGGTTCTGC-1,2
GGCATCAACGAGCACG-1,2
GGCCCAATCTAGAGGG-1,2
GGCCCAGTTATCAGCA-1,2
GGCCCGGAGCATGTCT-1,2
GGCCCGTATACCATGC-1,2
GGCCCTCACCCACTTA-1,5
GGCCGAGACTCTGGTG-1,3
GGCCGGCGTCTGCTAT-1,3
GGCCGTTTGGGTTTCA-1,3
GGCCTGCTTCTCCCGA-1,4
GGCCTTTGCAACTGGC-1,1
GGCGAAATCTAACTTG-1,5
GGCGAACCGTTCTGAT-1,2
GGCGAGCGAAACGGCA-1,4
GGCGCAGGACATCTTC-1,5
GGCGCATGAATTGATG-1,4
GGCGCGGAGATCTTTC-1,3
GGCGCGTTCGAGTTTA-1,4
GGCGCTCCTCATCAAT-1,2
GGCGCTTCATTCCCTG-1,3
GGCGGAGTAATATTAG-1,5
GGCGGGCTCTAAGAGT-1,5
GGCGGTAGGATCATTG-1,1
GGCGGTTTGCCGGTGC-1,2
GGCGTACCCTATATAA-1,2
GGCGTAGGGAAAGCTG-1,3
GGCGTCCTATCCGCTG-1,1
GGCTAAAGGGCGGGTC-1,2
GGCTAATGATTGAAAT-1,2
GGCTACTATACACTCC-1,3
GGCTATTAAGTTGTAT-1,5
GGCTCCTCCACCTGTT-1,3
GGCTCGCGTTGAGGTA-1,2
GGCTCGTGCCACCAGC-1,2
GGCTCTGCTCCAACGC-1,2
GGCTGAAATAGCAAAG-1,4
GGCTGAGCATCGTAAG-1,2
GGCTGGCTAGCTTAAA-1,2
GGCTTTCAATAAGGGT-1,3
GGGAACGGGAGGTTAG-1,5
GGGAACGGTTTCAGAT-1,3
GGGAAGACGGTCTGTC-1,3
GGGAAGGGCTTTCTCA-1,3
GGGAATGAGCCCTCAC-1,2
GGGACAGAGTTACTCC-1,4
GGGACCCGTATATCTT-1,3
GGGACTGCATAGATAG-1,5
GGGAGAACTCACAGTA-1,1
GGGAGCGACCGTAGTG-1,3
GGGAGGATGCCCGAAA-1,5
GGGAGTAATGGCTGGC-1,2
GGGAGTTAATGAGGCG-1,1
GGGATACGGTAATAAT-1,1
GGGATGGTCGTAACCG-1,4
GGGATTTACCGCACCT-1,5
GGGCAACCGCACGTGC-1,4
GGGCACGTAGTACTGT-1,3
GGGCAGAGCAATCGTT-1,3
GGGCAGTCAACGCCAA-1,3
GGGCCCGTCTTAAACA-1,4
GGGCCCTACGAAAGGG-1,5
GGGCCGGCCGAAGTAC-1,1
GGGCCTAAATGGGCTA-1,5
GGGCCTATACAACCGG-1,2
GGGCCTATTTAAGTAT-1,2
GGGCGATATGTGTGAA-1,1
GGGCGCAGCGTTACTC-1,2
GGGCGGCAAATGAATT-1,4
GGGCGGGTTCCCTACG-1,4
GGGCGGTCCTATTGTC-1,2
GGGCGTACATTTATAT-1,1
GGGCGTCACCACGTAA-1,4
GGGCGTCCACTGGCTC-1,2
GGGCGTGGTTTCCCAG-1,3
GGGCGTTTACATTCAT-1,4
GGGCTATGATCGATGG-1,3
GGGCTCATCGAACCCA-1,2
GGGCTGCCTAGGGCGA-1,1
GGGCTGGTTAGTCGCG-1,5
GGGTAATGCTGTGTTT-1,2
GGGTACCCACGGTCCT-1,2
GGGTACTTCATGAACT-1,5
GGGTATGTATGCACTT-1,1
GGGTATTCTAGCAAAC-1,4
GGGTCACCGTGACGGT-1,5
GGGTCACGTGCTTATG-1,2
GGGTCACTGAGTAGTG-1,2
GGGTCAGGAGCTAGAT-1,3
GGGTCATGCGTACCAT-1,1
GGGTCGTGGCAAGTGT-1,2
GGGTCTATCGCTTTCC-1,4
GGGTGACACCTTAACT-1,4
GGGTGCATATGAAAGC-1,2
GGGTGGTCCAGCCTGT-1,2
GGGTGTTTCAGCTATG-1,2
GGGTTAACATTTGAGT-1,3
GGGTTCAGACGAACAA-1,1
GGGTTTAGGATAGGAT-1,1
GGTAAATGTGCGTTAC-1,2
GGTAACCGGGAGGATA-1,4
GGTAACTATGTATCTG-1,2
GGTACAAACATGCTAT-1,4
GGTACACCAGATTTAT-1,2
GGTACATCTGGGACGA-1,5
GGTACCATTAAGACGG-1,2
GGTACTAAGTGCTTTG-1,5
GGTAGAAGACCGCCTG-1,4
GGTAGACCGTTGGGCG-1,3
GGTAGTGCTCGCACCA-1,1
GGTATAGTGACACATA-1,2
GGTATTGCCGAGTTTA-1,5
GGTCAAGACTACTTCG-1,5
GGTCAGTGGGTCCCAC-1,4
GGTCATTGTAGTCATA-1,2
GGTCCCATAACATAGA-1,2
GGTCCTTCATACGACT-1,2
GGTCGGATAAACGGCG-1,2
GGTCGGCCAGGAGCTT-1,1
GGTCGGTAATTAGACA-1,2
GGTCGGTCGTCCACAG-1,3
GGTCGTAAGCTCGCAC-1,4
GGTCTCCAAGTAGTGC-1,5
GGTCTCCGTCCAGGTT-1,4
GGTCTCTGAATGGACT-1,4
GGTCTGAGAATCTGGA-1,2
GGTCTTGAGCGCTCTT-1,3
GGTGAAACCGGGAATG-1,2
GGTGAACGGGCTAGCC-1,2
GGTGAAGTACAGGGAT-1,4
GGTGAGATGCAGATAA-1,2
GGTGATAAGGAGCAGT-1,5
GGTGATTTCATCTTGT-1,2
GGTGCAGAGCCTATCG-1,2
GGTGCATAAATGATTA-1,3
GGTGCGGATAAGTGGC-1,2
GGTGCTGATCACAAAG-1,1
GGTGCTGGTACACATT-1,4
GGTGGACCACGTGTTA-1,2
GGTGGACTGCTCTGGC-1,4
GGTGGAGGTTGATACG-1,1
GGTGTAAATCGATTGT-1,3
GGTGTTCTGTTTCTAC-1,2
GGTGTTGGGCGTCTTA-1,5
GGTTACCACCCTCGGG-1,4
GGTTACCCGACACTTT-1,2
GGTTAGCTATATGTCT-1,5
GGTTAGGCTTGGAGAA-1,1
GGTTAGTTACGGCGCC-1,1
GGTTCCACCCGCTTCT-1,2
GGTTCCCTAGTGTCTC-1,2
GGTTCGATGCTGAGTT-1,2
GGTTCGGATTATACTA-1,5
GGTTCTACTCGTCTGA-1,2
GGTTGTGCTCTTGTCC-1,1
GGTTGTGTAGCCTGGC-1,1
GGTTTAATTACCATCG-1,3
GGTTTAATTGAGCAGG-1,2
GGTTTACAATCTCAAT-1,2
GGTTTAGCCTTTCTTG-1,5
GGTTTCAATCGGTCAG-1,1
GGTTTGACAAGAAGCT-1,2
GGTTTGAGTGCTGGAA-1,2
GGTTTGCGAACACGTA-1,2
GGTTTGTGACCTGAGG-1,4
GTAACAACTGACCTTG-1,2
GTAACATCAGCTCATC-1,2
GTAACATCTAAGATAA-1,5
GTAACTGCCCAAGGAG-1,3
GTAACTTGCGGCAGTC-1,2
GTAAGCGGGCAGTCAG-1,2
GTAAGGATTTGTCGGA-1,2
GTAAGTAACAGTCTGG-1,5
GTAAGTAGGGTATACC-1,1
GTAAGTCCACACTCTA-1,1
GTAATAAAGGGCTCCC-1,2
GTAATCTGATTCTTCG-1,4
GTACACTTACCTGAAG-1,5
GTACAGAGGCAAGGGT-1,1
GTACGACGGCGCTGCG-1,2
GTACGAGATTGCGACA-1,2
GTACGCTTCATTGCAC-1,5
GTACGTCACGTATTAA-1,2
GTACGTTTGCCCGTCA-1,4
GTACTAAGATTTGGAG-1,1
GTACTCCCTTATCGCT-1,5
GTACTCCTGGGTATGC-1,2
GTACTGAGGTCGTAAC-1,2
GTACTGCATGAAGCGT-1,2
GTACTGGAGTTAGACC-1,1
GTACTTGGGCACTTCT-1,2
GTAGAAACGGGTGGAG-1,1
GTAGACAACCGATGAA-1,2
GTAGACACGCCTGACT-1,3
GTAGACGTCGTTACAT-1,2
GTAGAGGGAGACAAGT-1,4
GTAGCCAAACATGGGA-1,4
GTAGCGCTGTTGTAGT-1,2
GTAGCGGCTATACACT-1,5
GTAGCTAGTAAGCGCG-1,2
GTAGCTCCGGGAGGCT-1,3
GTAGCTTCCTCTTGTT-1,2
GTAGGTGATCCGTGTA-1,2
GTAGTCGCGGGAATCA-1,4
GTAGTCTACGATATTG-1,3
GTAGTTAGACAATATA-1,2
GTAGTTCGAAGGCGAA-1,3
GTATAATCTCCCGGAT-1,2
GTATAGGACTCAGTAG-1,2
GTATAGTGGCCCATGT-1,2
GTATCAAACGTTAGCT-1,4
GTATCAGCTTGGGTTC-1,2
GTATCCTTTGGTAACC-1,3
GTATCTCAGTCTTGAC-1,4
GTATCTTTCATAACCA-1,4
GTATGAAATTTCACTC-1,4
GTATGACGTGGGAAAC-1,2
GTATGTGGGTCTAGTT-1,1
GTATTAAGGCGTCTAA-1,1
GTATTAGGGTTCGCGT-1,2
GTATTCTGAGAAACGA-1,4
GTATTTAATGGCATAA-1,5
GTCAAAGAAGTGGTGT-1,4
GTCAAAGTTTACATAG-1,2
GTCAACCAGGCCTATA-1,4
GTCAAGCGGACTCGGG-1,5
GTCAATTGTACTGAAG-1,2
GTCACAAAGTTTCCAA-1,2
GTCACCTGTCTATGTC-1,2
GTCACTCTCCAAATCT-1,1
GTCAGAATAGTCTATG-1,1
GTCAGTTGTGCTCGTT-1,2
GTCAGTTTGGTAGTCG-1,1
GTCATGCACCTCCGTT-1,1
GTCATGCGCGAGGGCT-1,4
GTCATGGACATGACTA-1,1
GTCATTAGAGCGAACG-1,5
GTCATTGCATTGACCC-1,1
GTCCAATATTTAGCCT-1,3
GTCCACGTCGCATTCG-1,4
GTCCAGGCACGTGTGC-1,3
GTCCATTACTGCTACG-1,1
GTCCCAACGTAAAGTA-1,1
GTCCCGCGACGTTATG-1,3
GTCCGAGAGCAATCAT-1,1
GTCCGGACCTGAAATT-1,4
GTCCGGCTGAATTGCG-1,1
GTCCGGGTTCACATTA-1,3
GTCCTACAGGCGGCTC-1,2
GTCCTACGAATAGTCT-1,4
GTCCTATTGTTGTGGT-1,1
GTCCTTCTACAACCCA-1,1
GTCCTTCTAGTGGGTT-1,2
GTCCTTTAATGACTTC-1,2
GTCGATAGGTGACTTT-1,5
GTCGCCGTTGTGTGTT-1,3
GTCGCGTAACCCGTTG-1,5
GTCGGAAGGATACCAG-1,2
GTCGGATATCTCAGAC-1,5
GTCGGATGTAGCGCGC-1,2
GTCGGGAAGCAGAAAC-1,3
GTCGTACCATCTCGGG-1,4
GTCGTACCTACGATTG-1,1
GTCGTATTGGCGTACA-1,2
GTCGTCAATTATAAGG-1,2
GTCGTCTGGTTGGCTA-1,2
GTCGTGTCTGGTCATC-1,2
GTCGTTATTCGCTTAT-1,5
GTCTAAGATGCCCAGC-1,2
GTCTACTCAATTACAA-1,1
GTCTAGTGAGCCGCTT-1,3
GTCTATCTGAGTTTCT-1,5
GTCTATTGCATGCTCG-1,4
GTCTATTGGTTCCGGT-1,5
GTCTCAAGGCCCGGCT-1,3
GTCTCCTGCCAGTATG-1,4
GTCTCGACTAAGTTTG-1,2
GTCTCGATCTGCTTTC-1,2
GTCTGGGCGGTCGAGA-1,4
GTCTTAGTACAGCCGG-1,2
GTCTTGAGGAGCAGTG-1,2
GTCTTGTAGCTATTCA-1,1
GTGAAACGGCGCCACC-1,2
GTGAAACGTGCTCCAC-1,2
GTGAACTCCCATTCGA-1,2
GTGAAGATTTCAAGTG-1,2
GTGAAGCCGTATAGTC-1,2
GTGAAGTCACGACTCG-1,5
GTGACAGCTTCCCACT-1,3
GTGACCGCACACTACG-1,1
GTGACCTAAAGAATAA-1,2
GTGACGAGGGTGACCC-1,2
GTGACGCAGGTTTCAT-1,3
GTGACTTCAGTAGTGC-1,4
GTGAGATAACCTTATA-1,3
GTGAGCGTGCTGCACT-1,1
GTGAGGACACTTAAGG-1,5
GTGAGGAGCGGTTGAG-1,2
GTGAGTCTAAGACGGA-1,1
GTGAGTGGTACAACGC-1,4
GTGATCAAGCGTGCAC-1,4
GTGATCACTAACGCCT-1,5
GTGATCATAGATCTGC-1,4
GTGATCCTTGTCATGA-1,3
GTGATGCACAACATCT-1,2
GTGATTCGCCGCTCAA-1,4
GTGCAACAAATGTGGC-1,2
GTGCACCAGCTTCAAC-1,3
GTGCACGAAAGTGACT-1,2
GTGCAGCGTAGAGTAG-1,5
GTGCCATCACACGGTG-1,4
GTGCCCGTTCGGATTC-1,5
GTGCCGCTTCAAAGGT-1,4
GTGCCTAGCTATGCTT-1,2
GTGCCTCAGTGTACGG-1,2
GTGCCTGAGACCAAAC-1,3
GTGCGAAATCGAACAC-1,4
GTGCGACAGGGAGTGT-1,2
GTGCGCAGCTTGCTCC-1,2
GTGCGGGTCTCCAAAT-1,2
GTGCGTGTATATGAGC-1,5
GTGCTCAAGTACTGTC-1,5
GTGCTGCAGATAAGGA-1,1
GTGCTTACATCAGCGC-1,1
GTGGAACCTACATGCG-1,2
GTGGACCAACCCGATT-1,4
GTGGACGCATTTGTCC-1,3
GTGGACGTGCTGAGAC-1,2
GTGGAGCATGTCGGCC-1,2
GTGGAGCGTTTACCGA-1,4
GTGGAGTCGGCGGTTG-1,4
GTGGCAAACAGCGGCA-1,4
GTGGCGGTCCCAGCGT-1,5
GTGGCGTGCACCAGAG-1,2
GTGGGAAGACTGAATC-1,5
GTGGGCTTAGACACAC-1,1
GTGGTATAGTCTGCCG-1,3
GTGGTCAGCGAAGTAT-1,2
GTGGTGGCCAAGTGAA-1,5
GTGGTTACTTCTTTCG-1,2
GTGGTTTCCGCCTTTC-1,4
GTGTACCTTGGCTACG-1,2
GTGTATATCAGCGGGC-1,3
GTGTCAGTGTACGTGG-1,3
GTGTCCGATAAGGCAT-1,2
GTGTCGTATAGCGTTC-1,3
GTGTCGTATTCACCTT-1,2
GTGTGAATAACTTAGG-1,1
GTGTTACTATGCGTCC-1,5
GTTAAAGTAGGACTGG-1,4
GTTAACATCACTTAAA-1,3
GTTAACTATGTTGTCA-1,1
GTTAAGGGTGCGATGT-1,3
GTTAAGTTAGAGTGGG-1,2
GTTAATGTCTATCTTA-1,1
GTTACAATTGGTGACG-1,5
GTTACCTACAACTTGC-1,4
GTTACTTTGGGCCTAG-1,4
GTTAGAGTGTGCCGCT-1,2
GTTAGCCCATGACATC-1,3
GTTAGCCGTAAATCAA-1,2
GTTAGGCTACCCGTTT-1,4
GTTATAATACGGTGAA-1,5
GTTATATCAGGAGCCA-1,2
GTTATATTATCTCCCT-1,4
GTTATCACCTTCTGAA-1,2
GTTATTAAATACGACC-1,2
GTTATTAACGTGGGAG-1,1
GTTCAATCTATGTCAA-1,2
GTTCACAGGAGTCTAG-1,1
GTTCATCGTTTGGCTG-1,2
GTTCCAGTCTGACCAT-1,2
GTTCCCGTAAACATAT-1,5
GTTCCGTCCGCCTGCA-1,3
GTTCGCCATAAGTGCC-1,5
GTTCGCTGAGACGTCT-1,5
GTTCGGAGCACTCAAC-1,4
GTTCGGATCGGGAACA-1,1
GTTCGGGCGTACCATT-1,2
GTTCGTCTAAAGAACT-1,4
GTTCTTCCCTCGATGT-1,2
GTTGAACCGGTTCCAT-1,4
GTTGAGTCCCGCCGGT-1,4
GTTGCACGGAGTTTCG-1,1
GTTGCGCTAACATTAC-1,2
GTTGCGGACGGTCAGG-1,5
GTTGGACCGCATCAGG-1,2
GTTGGATTCAGTGGCT-1,2
GTTGGATTGAGAACAC-1,1
GTTGGATTTGCGTTGG-1,5
GTTGGTCATGCTATCC-1,3
GTTGTCGTGTTAGTTG-1,2
GTTGTTACATTGCGCT-1,2
GTTGTTGCAAGATGGC-1,4
GTTTACGTTCCATCTG-1,4
GTTTATGGGATTTAGA-1,1
GTTTCAAACGAGTTGT-1,4
GTTTCATATCGTCGCT-1,5
GTTTCCTGGAGGGTGA-1,1
GTTTCTGCAGTCTCCC-1,5
GTTTGACCAAATCCTA-1,1
GTTTGGCCCAAGTTAT-1,5
GTTTGGCCGCTCAGCG-1,2
GTTTGGCGTCAGGCAC-1,2
GTTTGGGCTTGTGAGC-1,4
GTTTGGGTTTCGCCCG-1,3
GTTTGGTAGGGTCAAC-1,3
GTTTGGTGATCGGTGC-1,3
TAAACCCAGGAGGGCA-1,4
TAAACGTCGTCAATGA-1,2
TAAAGACAACCCTTTA-1,2
TAAAGAGCCCGAAACC-1,2
TAAAGCGGTATTTCCA-1,3
TAAAGCGTTAGGAGAA-1,2
TAAAGCTGCAATAGGG-1,2
TAAATCTTTACACCTC-1,2
TAAATGAATCCGTTTC-1,1
TAAATGCCGTCTCATG-1,2
TAACAAAGGGAGAAGC-1,1
TAACAATATTTGTTGC-1,1
TAACAGCGTTTGTGCT-1,3
TAACATACAATGTGGG-1,5
TAACATACACGCGATC-1,4
TAACCGCCCGCAGTGC-1,2
TAACCTACCGTCCGAG-1,2
TAACCTAGGGAGTCCA-1,4
TAACGCTTTGAGAGCG-1,1
TAACTATCGAAGGTCC-1,1
TAACTATTACGCCAAA-1,2
TAACTCATCCGCGCGG-1,4
TAACTCCATGGAGGCT-1,1
TAAGAGGGACAGGGAC-1,4
TAAGCAGGCGACACGC-1,1
TAAGCCCTTACGACCA-1,2
TAAGCGCGAATCAAAT-1,4
TAAGGAACTTGTGGGA-1,2
TAAGGCAACATAAGAT-1,2
TAAGGCATAACATCAA-1,3
TAAGGCCCGTCACCCT-1,3
TAAGGCTGAATCCCTC-1,5
TAAGGGCCTGTCCGAT-1,4
TAAGGGCTGGGAGAGG-1,1
TAAGTAAATGTGCCGC-1,2
TAAGTAACATCTTGAC-1,4
TAAGTCGCCGAGTATC-1,4
TAAGTTGCGACGTAGG-1,4
TAATAAACAAGGAGAT-1,2
TAATACACAGTAGTAT-1,2
TAATACTAGAACAGAC-1,3
TAATAGAACAGAGTTA-1,4
TAATAGGTCACCAGAA-1,4
TAATAGTGACGACCAG-1,2
TAATATTGAAATTCGC-1,2
TAATCAACCAAATGGG-1,5
TAATCAGGAATGCTGC-1,2
TAATCGATCCGTACGT-1,2
TAATGAAAGACCCTTG-1,1
TAATTACGTCAGTAGA-1,4
TAATTAGATGGATATG-1,2
TAATTAGGACATCCGT-1,1
TAATTGGAATCGGGAA-1,2
TACAAATTGCGGAGGT-1,2
TACAACGCACAACTCA-1,4
TACAAGCTGTTCACTG-1,2
TACAAGTCTCGTGCAT-1,1
TACACCGTCGTTAGTC-1,2
TACAGAAACGGTGGGC-1,3
TACATAGGCATACACC-1,4
TACATCCCTATCCCTG-1,5
TACATGCCGGAATTGT-1,5
TACATTTCTAACGTGC-1,4
TACCAAATAGCCCAGA-1,3
TACCAATAAAGTACCA-1,4
TACCAGAAGTAGGTTC-1,4
TACCAGCTAGGTTTAA-1,2
TACCAGGAATCCCGTC-1,3
TACCGAATAATTGTAA-1,3
TACCGCGGACTTGCAG-1,2
TACCGGCTCACTGCCC-1,4
TACCGGTCGTTTCCAT-1,4
TACCGTAGGTTAACTA-1,3
TACCGTGCCTCGGACC-1,4
TACCTACTCCCAGTAT-1,3
TACCTCACGCTTGTAC-1,2
TACCTCAGTTGTCTGT-1,3
TACCTCCACACCAATG-1,4
TACCTGCTGCACTGTG-1,1
TACCTTAAGATTTCCC-1,4
TACGAACACGACTTCA-1,5
TACGACGCTTGCTGCG-1,4
TACGACTGCCTCTTAG-1,4
TACGAGAACTTCACGT-1,5
TACGATCCAAGCCACT-1,2
TACGATGTTGATCATC-1,5
TACGCAGTTCTTTCCT-1,4
TACGCCATATTCTAAT-1,4
TACGCCGAGGGTACCC-1,4
TACGCCTCCATTCCGA-1,3
TACGCTATAGAAACCT-1,2
TACGCTCGGTATTGGA-1,4
TACGCTGCTGTGTTAA-1,4
TACGGAAGCCAAACCA-1,3
TACGGCATGGACGCTA-1,4
TACGGGATGCTAGCAG-1,2
TACGTAAAGCGGAGTG-1,4
TACGTACTAGTGCTGA-1,3
TACGTGCACTATGCTG-1,1
TACGTGGGCCCAGGGC-1,3
TACGTTTACCGGCAAT-1,5
TACTATGGTTCCTCAG-1,3
TACTCCTCTAGTTGAC-1,3
TACTCGGCACGCCGGG-1,1
TACTCTCCGAACAAAT-1,2
TACTCTTACTTTACTG-1,4
TACTCTTTCGTCTTCA-1,3
TACTGAACAGATTTAG-1,3
TACTGCAATCAATTAC-1,2
TACTGGACAGCTCGGC-1,1
TACTGTTTCTCTGGTA-1,1
TACTTAAACATGTACA-1,4
TACTTGTTAGTAGTCC-1,1
TACTTTACTGAGCCGG-1,2
TACTTTCCGCACGCCA-1,4
TAGAAACCACTAAGTA-1,2
TAGAAAGGTGGCGCTA-1,1
TAGAAATTCACGTATA-1,1
TAGAATAGCCGATGAA-1,4
TAGAATTAAGGGCAAC-1,2
TAGACGAAACGCCAAT-1,3
TAGACGCCCGTACCGG-1,2
TAGACTACCTAGCGTT-1,2
TAGAGATCATGCAACT-1,4
TAGAGCTACGAAGAAC-1,2
TAGAGGTTCTACTTGT-1,4
TAGAGTCTAAGCGAAC-1,1
TAGATATGGACTGGAA-1,4
TAGATCCGAAGTCGCA-1,2
TAGATGGTTCCTTACT-1,4
TAGATTCAAAGTGCGG-1,3
TAGATTCCTGGTTATT-1,1
TAGCAACCTGTCACAA-1,1
TAGCAGTAAATACGCG-1,2
TAGCAGTATGACTAAA-1,4
TAGCCATTTCAAAGTC-1,5
TAGCCGGCGGTCAGCG-1,1
TAGCGTCCCTCGATTG-1,1
TAGCGTCCGGTGTGGT-1,4
TAGCGTTGGGTCTTAC-1,5
TAGCTAAGTCCGGGAG-1,1
TAGCTAGAAGGCATGA-1,4
TAGCTAGTGATGATGG-1,3
TAGCTCAGATCCTAGT-1,2
TAGCTCGCCTGATAAC-1,4
TAGCTGATGTGAAGCG-1,5
TAGGAACAGCCTCCAG-1,2
TAGGCATGTTACGCCA-1,2
TAGGCCTATATAGTCT-1,4
TAGGCGATGAGGTCTC-1,4
TAGGCGGCTGCAAAGA-1,4
TAGGCTAAAGTGGCAC-1,4
TAGGGAGCTTGGGATG-1,1
TAGGGTGTTTCAAGAG-1,2
TAGGTCCAAGTAAGGA-1,1
TAGGTCGCCGGAACTG-1,2
TAGGTGACGATAACCT-1,3
TAGGTGAGCCCTACTC-1,1
TAGGTGCTCGCCTAGC-1,5
TAGGTGTTCCACAGAT-1,3
TAGGTTCGAGTTCGTC-1,5
TAGTACCACAACTTTC-1,4
TAGTACCTTAGTGGTC-1,1
TAGTAGCTTATACCAG-1,3
TAGTCCCGGAGACCAC-1,3
TAGTCCGCAGAGAATG-1,4
TAGTCCGTATGCATAA-1,2
TAGTCGATCACGGGTT-1,5
TAGTCTAACAACGAGA-1,5
TAGTCTGTGACGTTGC-1,2
TAGTCTTTCCGAATTG-1,5
TAGTGCCCTCCAGAGT-1,5
TAGTGGAACTCATACA-1,2
TAGTGTCAGAAACGGC-1,1
TAGTTAAGATAGGATA-1,2
TAGTTTATTCTTGCTT-1,2
TATAAATCCACAAGCT-1,2
TATAAGTGAGGATAGC-1,2
TATACACAGACGCCTT-1,4
TATACACGCAAAGTAT-1,2
TATACCGAGTGCCACA-1,5
TATACGCGTCATCACT-1,3
TATACTCATGCGGCAA-1,1
TATAGAGTCGCTTGAA-1,3
TATAGATGGTCGCAGT-1,1
TATAGCGCACGTTATC-1,5
TATAGGGTACTCATGA-1,1
TATATAGGGCTTTACG-1,3
TATATATCGAGAAATG-1,4
TATATCATTGATCAGT-1,1
TATATCCCTGGGAGGA-1,2
TATATGCTGGGTTGCC-1,1
TATATTACAAATGTCG-1,2
TATATTCGCGTCGATA-1,2
TATCACAGCACGGGCA-1,2
TATCACCATGTAAAGT-1,2
TATCACCCAACCGACC-1,2
TATCACTTCGAGTAAC-1,2
TATCAGTGGCGTAGTC-1,4
TATCCAATTGGTTATC-1,3
TATCCATATCATGCGA-1,2
TATCCATCTCGGTTAG-1,4
TATCCGCACCGTCGGG-1,3
TATCCTATCAACTGGT-1,3
TATCCTGCATGGGAAT-1,2
TATCGATCTATGCATA-1,2
TATCGATGATTAAACG-1,1
TATCTACAGAGGTAAT-1,1
TATCTACCACAGCGGG-1,4
TATCTAGCCTAAAGGA-1,1
TATCTGAGCCGATATT-1,4
TATCTTGCAATACAAC-1,4
TATGAAGAATTAAGGT-1,4
TATGAAGACAGGTGCG-1,1
TATGATAAATCTAACG-1,2
TATGATCCGGCACGCC-1,2
TATGATCTTCTCTTTA-1,3
TATGCTCCCTACTTAC-1,2
TATGGAGTTTCTCGTT-1,2
TATGGATGTGCTACGC-1,1
TATGGCCCGGCCTCGC-1,1
TATGGGACCGAGCAGG-1,5
TATGGGTACGTATCGT-1,5
TATGGTCTGAGTAACA-1,5
TATGGTTAGTGGGAGA-1,1
TATGTAAAGTGCTTAA-1,3
TATGTCAAGACCGACT-1,2
TATGTCTCATTGTGCC-1,2
TATTAACACCAAAGCA-1,4
TATTAACCTGACCGCG-1,3
TATTACCATCCTGCTT-1,1
TATTATGTTTGCCTGC-1,4
TATTCAATTCTAATCC-1,1
TATTCCACTCAGCTCG-1,4
TATTCCGAGCTGTTAT-1,4
TATTCCGGCAGTCCTA-1,2
TATTCCTCCGCCCACT-1,4
TATTCGTGCCAGAATA-1,5
TATTGACATTTCTGCC-1,2
TATTTAGTCTAGATCG-1,2
TATTTATACCGAGTAG-1,2
TATTTGATTTGCACAG-1,5
TATTTGTTACCCTTTA-1,1
TCAAACAACCGCGTCG-1,2
TCAAACAATTAGGACA-1,2
TCAAACTTAGATTGTT-1,1
TCAAATTGTTGTGCCG-1,3
TCAAATTTGAGACTCA-1,3
TCAACAAAGATAATTC-1,4
TCAACACATTGGGTAA-1,2
TCAACATAGCGCCCTA-1,3
TCAACATCGACCGAGA-1,5
TCAACCATGTTCGGGC-1,1
TCAACGAGGAGACAAA-1,4
TCAACGCAGGAAATAA-1,4
TCAACGCGACCGGCAG-1,5
TCAACTAACGTATAAC-1,1
TCAACTGCAGAGTCAG-1,4
TCAAGAAATACTAGCT-1,2
TCAAGCGCGGACGGTA-1,4
TCAAGGTTACTACACC-1,5
TCAATACGCCGTCATG-1,3
TCACAAACCGAGGTAC-1,4
TCACAGATCCTCAAAC-1,2
TCACAGCAAACTCGAA-1,4
TCACAGGAGAATAAGA-1,3
TCACAGGGAATCGCAA-1,5
TCACAGGTTATTGGGC-1,5
TCACATCTTATCTGAT-1,1
TCACCCTCTTAAGATT-1,4
TCACCGCTCGGCACTC-1,2
TCACGATGTCCGTGGA-1,4
TCACGCATTGTAGATC-1,5
TCACGGCCCAAGAGAG-1,4
TCACGGTCATCGCACA-1,1
TCACGTGCCCGATTCA-1,5
TCACTACGACCAATGC-1,2
TCACTCGTGCAACGGC-1,2
TCAGAACCTCCACAGG-1,2
TCAGACGCTATAGAAG-1,4
TCAGATGGAGACGTAG-1,2
TCAGCAAATGCATCTC-1,1
TCAGCAGTAGGCCCTG-1,3
TCAGCCAATCCGTAAA-1,4
TCAGGGCGCAAACTCG-1,1
TCAGGGTGCACGAAAC-1,2
TCAGGGTGTAACGTAA-1,2
TCAGGTTCTTTGAGAA-1,5
TCAGTACTGACCCGCG-1,1
TCAGTAGGGACTATAA-1,4
TCAGTGTATACGTCAT-1,3
TCAGTTACGGAATGAT-1,2
TCATACTTACAGATCC-1,1
TCATATGAGCTTTGTT-1,3
TCATCACTCGAGCTCG-1,2
TCATCCCAGAGGGTGG-1,2
TCATCCTCAGCTGCTT-1,3
TCATCGATGGTCCCAA-1,4
TCATGCAGGTTCTCAT-1,2
TCATTCGTATAATTTG-1,2
TCATTTAAGTCTCCGA-1,2
TCATTTAGAAGTGTGA-1,5
TCCAACTCAGCTATCT-1,3
TCCAACTTTAAATTCT-1,4
TCCAAGCCTAGACACA-1,3
TCCAATAAAGGCTACC-1,3
TCCACAATGGTTTACG-1,1
TCCACATCGTATATTG-1,3
TCCACCTCTAGCCTTT-1,3
TCCACTTTATCTAGGT-1,1
TCCAGAGCACCGGTTC-1,5
TCCAGATGTACGCCAA-1,2
TCCAGCGCTATAAGCG-1,5
TCCAGGCGAGTACGGT-1,5
TCCAGGGTATATACGA-1,3
TCCATCAATACTAATC-1,4
TCCATTAGTTGGATAG-1,2
TCCATTCCCACTAGAG-1,2
TCCATTGTGACCTCGT-1,2
TCCCAAACAGACAACG-1,2
TCCCAAAGACGAAGGA-1,1
TCCCAAAGCCCTAAAT-1,2
TCCCACGGAGGGAGCT-1,2
TCCCACTCTCTTCCGG-1,2
TCCCAGCACACGACAT-1,5
TCCCAGCTTTAGTCTG-1,5
TCCCAGGCTTAGCTAA-1,5
TCCCGCCTATGTGCGT-1,2
TCCCGCGTACTCCTGG-1,2
TCCCGGGTGTGCTGCT-1,5
TCCCGGTCAGGAATTT-1,2
TCCCGTCAGTCCCGCA-1,2
TCCCGTCGCGTCATAG-1,2
TCCCGTGTGCAATTTG-1,5
TCCCTAGATCAATAGG-1,2
TCCCTCTTCTCAAGGG-1,4
TCCCTGGCGTATTAAC-1,4
TCCCTGGCTCGCTGGA-1,1
TCCCTTAGATTACTCG-1,2
TCCGAACGTTGCCGCT-1,5
TCCGAACTTGGCTTAC-1,1
TCCGAAGTAGTCACCA-1,2
TCCGAATGGTCCTGAG-1,2
TCCGAGAAGGCTAAGC-1,2
TCCGATAATTGCCATA-1,2
TCCGATGACTGAGCTC-1,2
TCCGATGGTGCGACAT-1,1
TCCGATTACATTGCCG-1,1
TCCGCCTGTCTACAAG-1,3
TCCGCGGCAGCATCTG-1,1
TCCGCGGCCCAATGAA-1,4
TCCGCTGTCATCCCGG-1,5
TCCGCTTATCCCATTA-1,4
TCCGGAGGAAGGGCTG-1,2
TCCGGCCTAGCGTACA-1,2
TCCGGCCTGCATCGAT-1,2
TCCGGGCTTGACGGGA-1,3
TCCGGTTCGTCCGGTC-1,4
TCCGTAACCACAATCC-1,1
TCCGTTAAGCTAATAT-1,5
TCCGTTTAGCCTTGAA-1,2
TCCTAAAGATTCAGAC-1,3
TCCTAAATTGGGAAGC-1,3
TCCTAACCGTCGGGCA-1,3
TCCTACATCCACGGCC-1,5
TCCTAGCAAAGAAGCT-1,4
TCCTATCATAGGTAAC-1,1
TCCTCCTAAGACATTC-1,4
TCCTCGGGCTGGGCTT-1,5
TCCTCTACGAGATGGC-1,1
TCCTCTCCAGTTGTCC-1,1
TCCTCTGGCCCATTAG-1,2
TCCTGCCAACTGGAGA-1,2
TCCTGCGTTGATACTC-1,5
TCCTGGCGCTGCCTGG-1,2
TCCTTACGACGGTCCG-1,5
TCCTTCAGTGGTCGAA-1,2
TCCTTGTCCTTTAATT-1,3
TCCTTTAAATCCGCTT-1,4
TCCTTTCTTACGCTTA-1,1
TCGAAATTTAGGACCA-1,5
TCGAAGAACCGAGCAC-1,5
TCGAATATCCCGCAGG-1,4
TCGACAACTGAACCCG-1,4
TCGAGACCAACACCGT-1,5
TCGAGCCAGGCAGGCC-1,3
TCGAGGGCAACAGACG-1,5
TCGATAGGCTAGTCGC-1,2
TCGCAAAGATGCATTT-1,4
TCGCACCAGGAGGCAG-1,4
TCGCATAAAGGGCGCA-1,4
TCGCATCCCTAAGTGT-1,2
TCGCATTCAATGACTT-1,2
TCGCCCAACTGACTCC-1,2
TCGCCGAAGTTGCGTC-1,4
TCGCCGACATATTCGC-1,3
TCGCCGGTCGATCCGT-1,2
TCGCGTAGCAGTGTCC-1,4
TCGCGTCCAGAAGGTC-1,1
TCGCTAAACCGCTATC-1,2
TCGCTACTGGCTTTGA-1,3
TCGCTCGATATATTCC-1,1
TCGCTCGGCACCAGCG-1,2
TCGCTGCCAATGCTGT-1,3
TCGCTGGGCGGATTGT-1,2
TCGCTGTGCGTAAATC-1,2
TCGCTTAATTACGAAG-1,2
TCGCTTTAAACGTTTG-1,2
TCGGAATGACCATCAA-1,2
TCGGAATGCGCTCTGA-1,1
TCGGACGCCCAGCCCA-1,1
TCGGAGAGTATCGGGA-1,4
TCGGAGTACATGAGTA-1,1
TCGGCGAACCCAAACC-1,5
TCGGCGGTATTAGATT-1,2
TCGGCGTACTGCACAA-1,4
TCGGCTAACTTCCCTT-1,2
TCGGCTTGTATCGACG-1,4
TCGGGAACGTGCCTAG-1,2
TCGGGAGACAGCGTAC-1,3
TCGGGATTCAAACATA-1,5
TCGGGCCGTCGTGGTA-1,5
TCGGGTGAAACTGCTA-1,2
TCGGTCCCGACAATAG-1,4
TCGGTCCCTGACTCCA-1,2
TCGGTGACCGCTCCGG-1,2
TCGGTTAGCCATGTAG-1,2
TCGTAAGACGACATTG-1,2
TCGTAAGCTCCGAGGA-1,2
TCGTACCGACGTCAAG-1,3
TCGTATAGTGCAATTA-1,2
TCGTATCACCAAGCTA-1,2
TCGTATTACCCATTGC-1,5
TCGTATTTCGTCCGGA-1,2
TCGTCAAGTACGCGCA-1,3
TCGTCACACTGTTAGC-1,1
TCGTCCGCTGGCGTCT-1,1
TCGTCCGGGTACACTC-1,2
TCGTCTTAGGCGTTAA-1,4
TCGTGTACTATGGATG-1,5
TCGTGTATTGGTCACG-1,5
TCGTGTCACGCTGACA-1,5
TCGTGTTCGACCACAA-1,4
TCGTTAGGAGTCCCTA-1,4
TCGTTCGTTATTATGT-1,2
TCGTTGCTATCCGGTC-1,3
TCGTTGGCTCGTCAAT-1,2
TCTAAAGAACAGTCTC-1,4
TCTAACTGTATGTAAA-1,1
TCTAATACTGCCTCAG-1,4
TCTACACGTTCATGCA-1,2
TCTACCCAATAGAGAG-1,4
TCTACCGTCCACAAGC-1,2
TCTACGGGCTCAGTTG-1,2
TCTAGCAATCTCCGCC-1,4
TCTAGCATCTTCGATG-1,1
TCTAGCATGCCCAGAA-1,4
TCTAGGTGGCGACGCT-1,2
TCTAGTGATATCGTGG-1,5
TCTAGTTATCAGAAGA-1,5
TCTATAGGTGGGTAAT-1,4
TCTATCATGCAGTTAC-1,2
TCTATCGGTCGCAACA-1,2
TCTATGCTATAACGAC-1,3
TCTATTACGCTGGCGA-1,2
TCTATTACTAGAGGAT-1,5
TCTCATGAGATAGGGT-1,5
TCTCCAACGTAGGTTA-1,2
TCTCCACAAGTTGAAT-1,3
TCTCCCTGGGCAGCGT-1,4
TCTCGAACGAGGTCAC-1,2
TCTCGACGTATCGCCG-1,1
TCTCGAGGAGGTTCGC-1,5
TCTCGGCTCCAGGACT-1,2
TCTCTAATAGCTGGTA-1,2
TCTCTCGCCGCACATA-1,5
TCTCTTACCGCGAACC-1,3
TCTGAACCGGTCGGCT-1,1
TCTGAACTCGTACCCG-1,5
TCTGAAGCACGTGGTC-1,3
TCTGAATTCCGTACAA-1,2
TCTGACGGGCTAACCC-1,2
TCTGAGCAATTGACTG-1,5
TCTGATCGGGTGCTAG-1,2
TCTGATGTATTCTGTC-1,4
TCTGATTGGAAATGGA-1,2
TCTGCATACCTTGCTT-1,4
TCTGCCAGAAACTGCA-1,5
TCTGCGAATCGTTCGC-1,2
TCTGCGTCCGGTTTCT-1,2
TCTGCTTAGAACAAGC-1,5
TCTGGCCGTTCAAGTT-1,2
TCTGGGAACCTTTGAA-1,1
TCTGGGTAGCGCTCAT-1,5
TCTGTCATACAAGAGC-1,2
TCTGTGATGGAGGTTG-1,2
TCTGTGCCATCATAGT-1,1
TCTGTTACCCAGCATA-1,4
TCTTACAGAGGTACCG-1,2
TCTTACCGGAACTCGT-1,2
TCTTACGGCATCCGAC-1,1
TCTTACTTATGCCTCT-1,5
TCTTAGAGCTCCAATT-1,2
TCTTAGAGTGAACTCT-1,1
TCTTCCCATGGGCACA-1,2
TCTTCGAATAGACGTT-1,5
TCTTCGATACCAATAA-1,1
TCTTCGCGGTGAGAGG-1,4
TCTTCTATAACCCGCC-1,1
TCTTGATGCGTAGCGA-1,1
TCTTGCTCCCGATACT-1,3
TCTTGGTAACACCAAA-1,2
TCTTTAAGACTATGAA-1,2
TCTTTAGAGTCTAACA-1,5
TCTTTAGCAGGCGAAC-1,2
TCTTTCCTTCGAGATA-1,5
TCTTTCTCTTAAGGAG-1,2
TGAAACTTATGCAAGC-1,2
TGAAAGGACCTGACTC-1,1
TGAACAAGCAGGGACT-1,3
TGAAGAGCGGTCCTAG-1,1
TGAATACCGACGCGTA-1,3
TGAATATGCTATAAAC-1,2
TGAATGAGATACAGCA-1,2
TGAATGAGTGTTTCCC-1,3
TGAATGTCAGCCGGCC-1,5
TGACACTTCTCTTTGC-1,2
TGACAGGACAAGTCCA-1,4
TGACATCGAGCGGACC-1,2
TGACATGTAACGTGAC-1,3
TGACCAAATCTTAAAC-1,3
TGACCAGCTTCAAAGT-1,2
TGACCCACGTTAGACA-1,5
TGACCCAGCATTCCCG-1,2
TGACGAATATTTCCCT-1,4
TGACGATGCACTAGAA-1,1
TGACTATAATCCTTTC-1,4
TGACTCCGAATCATAC-1,4
TGAGAATGCTTTACCG-1,2
TGAGAGATTTACCACG-1,1
TGAGATCAAATACTCA-1,2
TGAGATTAGGCCCTAA-1,2
TGAGCCATACAGTCTC-1,4
TGAGCGGAAAGTGTTC-1,3
TGAGCTTTAATGACGC-1,2
TGAGGAGTGCCAGCTT-1,3
TGAGGCATGTACTGTG-1,4
TGAGTAAATTAGCGTA-1,4
TGAGTGCCTCTTAAAT-1,4
TGAGTGGTCCGTGACG-1,2
TGAGTTAAAGACATTC-1,5
TGATACATTTAGCCGT-1,3
TGATAGCGGGATTCTA-1,1
TGATCACCACACTGAC-1,3
TGATCAGGGAACTGCT-1,5
TGATCCCAGCATTAGT-1,2
TGATCGGTTTGACCCT-1,1
TGATCTACGCTGATCT-1,2
TGATCTCCGGCGCCAG-1,5
TGATGCTCACGTAGTC-1,2
TGATGGCTGTTTCTGA-1,2
TGATGTCAATTAAGTG-1,4
TGATTATGGCACGCAG-1,2
TGATTCAGGTCCCGCG-1,5
TGATTCCCGGTTACCT-1,3
TGATTCGTCTATCACT-1,5
TGATTCTGTCGCCGGT-1,4
TGATTTATTAGCTGTG-1,5
TGATTTCCTCCTGACG-1,2
TGCAACCCATCTGCGG-1,3
TGCAAGAATGACGTAA-1,1
TGCAATCTAACACGGT-1,3
TGCAATTTGGGCACGG-1,2
TGCACAGTGAAGTTAT-1,2
TGCACGAGTCGGCAGC-1,2
TGCACTATGTGAGTGC-1,2
TGCAGAACTATATCGT-1,5
TGCAGAGTACCGAGCA-1,5
TGCAGATCGTCCTAGG-1,5
TGCAGCTACGTACTTC-1,5
TGCAGGATCGGCAAAG-1,2
TGCAGTGAGGCTCGGG-1,2
TGCAGTGGTAGGGAAC-1,4
TGCAGTTTCCTCCCAT-1,1
TGCATATGTCTGTCAC-1,1
TGCATCTCCGGATCTT-1,2
TGCATGGATCGGATCT-1,2
TGCATGGCAGTCTTGC-1,2
TGCATGTGACCCATAG-1,3
TGCATGTGGTAATCTA-1,2
TGCCAAAGTCAGACTT-1,5
TGCCAATGGGTACTCT-1,3
TGCCACCTGGCGAAAC-1,2
TGCCAGTACGTGGAGA-1,4
TGCCATGGCTTATAAG-1,2
TGCCATTACTAAAGAA-1,2
TGCCCGTACCGTTAAA-1,5
TGCCGAAAGCGTATTC-1,2
TGCCGGATGTACGAGC-1,3
TGCCGTGGATCGTCCT-1,3
TGCCTAATTGAAGATT-1,4
TGCCTGACATCGGTCA-1,2
TGCCTGATCAAACGAT-1,2
TGCCTTGGCCAGGCAA-1,4
TGCGAATATGGGATTT-1,5
TGCGACACCCTAGTGC-1,4
TGCGACGGCCGAACGT-1,4
TGCGAGAATATTACCC-1,4
TGCGAGATGGCGGCCA-1,2
TGCGAGCCCTTCCGCG-1,2
TGCGATGCTAATGGCT-1,1
TGCGCAAAGCATTTGG-1,1
TGCGCGATTAACGGAG-1,1
TGCGGACTTGACTCCG-1,3
TGCGGAGTAAAGGTGC-1,2
TGCGGCATAGTTCAAC-1,2
TGCGGTCTACGAGTAA-1,2
TGCGGTGAAATTTCAT-1,2
TGCGTAAGAACCTGAT-1,4
TGCGTACGGCTAATTG-1,4
TGCGTCATGACTGAGC-1,4
TGCGTGATTGGGTGTC-1,2
TGCGTTTGTTGACACT-1,5
TGCTAAGTGTCTATTT-1,4
TGCTATACAAACGGAC-1,2
TGCTCACACAACAACC-1,2
TGCTCCACAGTTCTTA-1,5
TGCTCGGCGAAACCCA-1,3
TGCTCGGTGGGTCACC-1,3
TGCTCTTGAGAGTTTG-1,3
TGCTGCGTCAGAGTTA-1,2
TGCTGGTTGGACAATT-1,2
TGCTGTTGAAGAACTC-1,5
TGCTTAGAGAGAATGC-1,4
TGCTTCCCAAGCAGTA-1,3
TGGAACCACTGACACA-1,2
TGGAAGAAGGGAACGT-1,5
TGGAAGACGAACACCA-1,2
TGGAAGGATAAAGATG-1,2
TGGAATATCCTTGACC-1,2
TGGAATTAGACGCTTT-1,1
TGGACACCGTTGCTTG-1,1
TGGACCAATCTAAGAT-1,3
TGGACGCAATCCAGCC-1,4
TGGACTGTTCGCTCAA-1,5
TGGAGCTAAAGTTCCC-1,2
TGGAGTGATGCGATGA-1,5
TGGATAGAGTAACAGA-1,2
TGGCAAACTAAATTAC-1,4
TGGCAACTCGCGCGCC-1,2
TGGCAAGCACAAGTCG-1,3
TGGCAATGGGACGGCG-1,5
TGGCACGAGCTCGAGT-1,2
TGGCAGATTACGATCA-1,4
TGGCAGCAGTAATAGT-1,5
TGGCATGAAGTTTGGG-1,4
TGGCCAAACTGAAGTA-1,2
TGGCCAATTTGGTACT-1,5
TGGCCGTATATTGACC-1,1
TGGCGACTGCTCCAAA-1,3
TGGCGATCAAGTTATG-1,4
TGGCGGTGTGCGATTG-1,2
TGGCTACACTCTACCT-1,4
TGGCTATGTGACATAC-1,3
TGGCTCTTGTCGCGTA-1,5
TGGCTTGTACAAGCTT-1,2
TGGCTTTGGGTAGACA-1,2
TGGGAAATGCCTTTCC-1,1
TGGGATGCACTCATTC-1,2
TGGGCAATAGTTGGGT-1,5
TGGGCACAAACAGAAC-1,2
TGGGCACGTTCTATGG-1,2
TGGGCAGGCCACCGCA-1,5
TGGGCCACAAGAGCGC-1,2
TGGGCCCATACTAATT-1,5
TGGGCGATACAATAAG-1,3
TGGGTAAGGTTCCCGC-1,2
TGGGTGCACAAGCCAT-1,3
TGGGTGGGATGTCATT-1,2
TGGTAAGCAGGATTGA-1,5
TGGTAGAATATATGGG-1,5
TGGTATCGCATCCCAA-1,2
TGGTATCGGTCTGTAT-1,2
TGGTCCCACGCTACGG-1,4
TGGTCGTGCAAGGCAA-1,5
TGGTCGTTTGATAGAT-1,2
TGGTCTGTTGGGCGTA-1,5
TGGTGATCGTATTTGT-1,1
TGGTTAAGGGCGCTGG-1,2
TGGTTCAACGGGTAAT-1,4
TGGTTCGTAGCAAAGG-1,1
TGGTTGGAGGATCCTG-1,2
TGGTTTAAACGTGGGT-1,2
TGTAATGACCACAATA-1,1
TGTAATGCCTTCGGAC-1,2
TGTACCTACACGAGGG-1,3
TGTACGAACAAATCCG-1,4
TGTACGCTATCAGCTT-1,2
TGTACTGTGCCAAAGT-1,2
TGTAGCCATCCCATTC-1,4
TGTAGGAGAAATTTCC-1,1
TGTAGTGATCTATAAT-1,5
TGTATAACAGATCCTG-1,2
TGTATCAGACTGAAGC-1,2
TGTATCCTTATTCCAT-1,2
TGTATGGCGCAGACAG-1,5
TGTATTTACCTAATGC-1,2
TGTCATTTGTTGGGAA-1,2
TGTCCACGGCTCAACT-1,4
TGTCCCGACATAGCAC-1,2
TGTCCGTGGCGCCTTT-1,1
TGTCCTAAGTCACCGC-1,1
TGTCGGCATGGTGGAA-1,2
TGTCGTTATCACATAT-1,4
TGTCTACAGTTTCTGT-1,2
TGTGACTACGCCAGTC-1,2
TGTGAGACTAGCCCAA-1,3
TGTGATTCCAGCGCTT-1,2
TGTGCCGGTGCCGGAA-1,4
TGTGCTTTACGTAAGA-1,1
TGTGGACTATCTACGT-1,5
TGTGGAGGAAGCTTAA-1,2
TGTGGCAAAGCGTATG-1,2
TGTGGCGGGCTTCTGG-1,3
TGTGGCTCCCACCAAC-1,1
TGTGGTAGGGTGCCTT-1,5
TGTGGTTGCTAAAGCT-1,3
TGTGTAGTAGCACGTG-1,5
TGTGTCGCGAGTTGCA-1,1
TGTGTTCGTATCCAAG-1,1
TGTTATTGTATGTGGC-1,5
TGTTCATAAATGTGCT-1,1
TGTTCCGCTTCCATGA-1,5
TGTTCGTATTGCGGTG-1,4
TGTTCTCTACTCCCTA-1,2
TGTTCTTCCATTGACT-1,5
TGTTGATCACTGTTTA-1,2
TGTTGCCGTCGTCCCA-1,1
TGTTGTCAAGAAGTCT-1,2
TGTTTAATACTTCATC-1,2
TGTTTCGGTACTTCTC-1,2
TGTTTGAGATCGTCAG-1,5
TTAAACAGAGTCCCGC-1,2
TTAAACCGGTAGCGAC-1,2
TTAAACCTGGTTCCTT-1,1
TTAAACTCGAATTCAT-1,2
TTAACACCTCGAACAT-1,1
TTAACCAACCCTCCCT-1,2
TTAACGAACAAGCAGT-1,2
TTAACGTCGCAAGACC-1,2
TTAACTCACGCGTGGA-1,1
TTAACTTCAGGTAGGA-1,4
TTAAGACGAACGAACC-1,2
TTAAGATAGGATTGAC-1,1
TTAAGCCGACAACTTC-1,2
TTAAGCGCCTGACCCA-1,5
TTAAGGATACGGAGGT-1,2
TTAAGGCCCGTACTTT-1,4
TTAAGTATTGTTATCC-1,3
TTAATCAGTACGTCAG-1,2
TTAATGCGAGGTAACT-1,2
TTAATGTAGACCAGGT-1,1
TTAATTGCTTTGGGTG-1,3
TTAATTTCAGACGCGG-1,2
TTACAACTACGCATCC-1,1
TTACACGATCTGCGAC-1,4
TTACAGACCTAAATGA-1,2
TTACATCGTGGCCTGG-1,2
TTACATGCCACAACTA-1,1
TTACCATTGATTACCC-1,1
TTACCCATTGCCGGGT-1,2
TTACCCTAACAGTCCT-1,1
TTACCCTAGGGATTGG-1,3
TTACCGCCTTAGGGAA-1,2
TTACGGATGGTTCGAG-1,2
TTACGTAGCGCGTGCT-1,2
TTACGTATCTATGACA-1,4
TTACTAAAGGACTTTA-1,4
TTACTATCGGCTTCTC-1,1
TTACTCCGGCCGGGAA-1,1
TTACTCTGGTACGTAC-1,4
TTACTGGGATATTTCA-1,4
TTACTGTCTAGAGCTC-1,2
TTACTGTTTCTCTACG-1,2
TTAGAAGAACATGACT-1,4
TTAGAATAAGGGTCGG-1,3
TTAGACACGATCGTTG-1,2
TTAGACGAGTCACCTC-1,4
TTAGAGTTTAGAAGGA-1,5
TTAGATAGGTCGATAC-1,2
TTAGCAACATGGATGT-1,1
TTAGCTAATACGATCT-1,2
TTAGCTCTGTAATCCG-1,1
TTAGCTGATTTGCCGT-1,1
TTAGGTCATAACCGAC-1,3
TTAGTAAACCTGCTCT-1,3
TTAGTAGGGCGGCGGG-1,1
TTAGTTATTCGTGGCA-1,5
TTAGTTCAAGTGTTCG-1,2
TTATAGATGCACATTA-1,2
TTATAGGTAATTGTCT-1,3
TTATAGTCCAAGGTGC-1,2
TTATATACGCTGTCAC-1,5
TTATATTTGGCAATCC-1,2
TTATCCAATCGAACTC-1,2
TTATCCGGGATCTATA-1,4
TTATCCTCAAGGAATA-1,4
TTATCGCCTGCGAAGC-1,1
TTATCTGACATTAGGA-1,5
TTATCTGTATCATAAC-1,2
TTATGAATGAAAGGGA-1,4
TTATGACAAACTGGAT-1,1
TTATGATCTTAACGAA-1,5
TTATGCGTCCCGGTCC-1,2
TTATGTTTGCGATAGA-1,1
TTATTAGAGCGTGTTC-1,4
TTATTAGGGAAGCATC-1,2
TTATTATCTGGAAGGC-1,5
TTCAAAGTCTCTAGCC-1,1
TTCAACGACCCGACCG-1,2
TTCAAGCCGAGCTGAG-1,2
TTCAATACTCTGAATC-1,1
TTCAATTAGCCATAAT-1,2
TTCACGAAAGGATCAC-1,5
TTCACTCGAGCACCTA-1,3
TTCACTTCCTAGAACG-1,3
TTCAGCCCTGGTCCAC-1,5
TTCAGCTGGCGTGCCC-1,4
TTCAGGCGTCAAAGCC-1,5
TTCATGGCGCAACAGG-1,2
TTCCAATCAGAGCTAG-1,2
TTCCAATCTGGCTATC-1,4
TTCCACACAGATTTGA-1,4
TTCCACATTTCTCGTC-1,2
TTCCAGACGAGATTTA-1,2
TTCCATCATGCGGTGA-1,2
TTCCATCGACAGCGTG-1,4
TTCCCGACGCTTCACT-1,2
TTCCCGGCGCCAATAG-1,5
TTCCGCAGAGAAATAT-1,2
TTCCGCGTGAGGCGAT-1,4
TTCCGGCCTTGAGGCT-1,4
TTCCGGCTCGACTTCT-1,2
TTCCGGTATCTGTGTC-1,2
TTCCGGTTACCCACTT-1,5
TTCCTCGAGGGTGTCT-1,2
TTCCTCGGACTAACCA-1,4
TTCCTCTGCCCGAATA-1,1
TTCCTTTCTGTGTTGC-1,2
TTCGACAGAGCCCGTG-1,4
TTCGACGGGAAGGGCG-1,1
TTCGAGCCGGCGCTAC-1,2
TTCGCACTCGCGTGCT-1,1
TTCGCACTGTACGACA-1,3
TTCGCATCCGGAAGCA-1,2
TTCGCCGCTCGCGCTA-1,4
TTCGCGCGCCATACGA-1,3
TTCGCTAGGAAGTTGT-1,2
TTCGCTATCTGACGTG-1,2
TTCGGACTGATGCCTT-1,2
TTCGGCAACCCGCTGA-1,2
TTCGGCTAGAGATGGT-1,2
TTCGGGACTAATCGCG-1,5
TTCGGGCGCTAGTCTT-1,4
TTCGGGTTGCCACGGG-1,4
TTCGGTACTGTAGAGG-1,3
TTCGGTGGAGACGCCC-1,1
TTCGTAATCCCAGCGG-1,2
TTCGTACTCCAGAACG-1,1
TTCGTGGGCTGGAAGC-1,2
TTCGTTCAACGAAGTT-1,2
TTCTAACCGAAGCTTA-1,1
TTCTACCTTTATGTTG-1,2
TTCTACTTGCGAGGGC-1,1
TTCTAGAAAGTCTTAT-1,3
TTCTAGGCCAATTGTG-1,1
TTCTATGCCTTTCGCA-1,2
TTCTATTAAACGCAGC-1,3
TTCTCTTACAGGTGAT-1,4
TTCTGACCGGGCTCAA-1,4
TTCTGCCGCGCCTAGA-1,4
TTCTGCGAGCGCCCTT-1,1
TTCTGCGGGTTAGCGG-1,5
TTCTGCTAGACTCCAA-1,2
TTCTGTTTCCTGTCGC-1,1
TTCTTAGTGAACGGTG-1,2
TTCTTAGTGGCTCAGA-1,2
TTCTTATCCGCTGGGT-1,5
TTCTTCCCTTTGATAT-1,2
TTCTTCGCAATAGAGC-1,2
TTCTTGAGCCGCGCTA-1,4
TTCTTGCTAGCATCTC-1,2
TTCTTGGACGATCTGC-1,4
TTCTTGGAGTAATGAG-1,2
TTCTTGTAACCTAATG-1,1
TTCTTGTGTCCATCAG-1,1
TTCTTTGGTCGCGACG-1,2
TTGAAAGGTGTAAAGG-1,2
TTGAACGAATCCTTTG-1,1
TTGAACGACGTGCTGA-1,3
TTGAAGAATTCCCAGG-1,5
TTGAAGGATGGGCGCC-1,4
TTGAATATGGACTTTC-1,1
TTGAATCGTTGTATAA-1,5
TTGAATTCACGTGAGG-1,1
TTGACAGGAGCTCCCG-1,5
TTGACATGAACGTGGA-1,4
TTGACCAGGAACAACT-1,3
TTGACCATGTTCTCCG-1,2
TTGACCGTGTTAATGA-1,4
TTGACGATTCAGCACG-1,2
TTGACGCTCCATGAGC-1,1
TTGACTACCATATGGT-1,4
TTGACTATTGTCCGGC-1,5
TTGAGAAGTTTAGCAT-1,4
TTGAGAGTACTGCTAA-1,4
TTGAGCAGCCCACGGT-1,1
TTGAGCGCCACGTGAT-1,2
TTGAGGCATTTAACTC-1,2
TTGAGGGTCGAACGCG-1,2
TTGAGTCCCGCTGCTG-1,2
TTGATAGTCAATACAT-1,2
TTGATCTAACTTTGTC-1,5
TTGATGTGTAGTCCCG-1,2
TTGATTAGCTGTTTCT-1,4
TTGATTATGCAGATGA-1,1
TTGCACAATTCAGAAA-1,4
TTGCACGGAGCAGCAC-1,2
TTGCAGGTCATGAAGT-1,2
TTGCATGCTGATCACG-1,4
TTGCCAAGCAGAACCC-1,1
TTGCCATAGCCCGCTC-1,4
TTGCCCTGATCACGGG-1,5
TTGCCGCAGACCTACA-1,4
TTGCCGCTTTCTAGTA-1,3
TTGCCGGTGATCCCTC-1,2
TTGCGGCATCAGAAAG-1,4
TTGCGGCGACTCATGC-1,2
TTGCGTAGTTTGAGGA-1,1
TTGCGTCGGCCAACCG-1,4
TTGCGTGAACGCTTAG-1,2
TTGCGTGTGTAGGCAT-1,3
TTGCTCCCATACCGGA-1,2
TTGCTGAAGGAACCAC-1,2
TTGCTGATCATGTTCG-1,5
TTGCTGCACCTATCCA-1,1
TTGCTGGCCGGGCTTC-1,2
TTGGAAGAATACAGTC-1,4
TTGGACATGTGGCTTA-1,5
TTGGACCATCTGGCAA-1,5
TTGGACCTATAACAGT-1,4
TTGGAGTCTCCCTTCT-1,2
TTGGATATCGTCTACG-1,4
TTGGATCGACTTCTGG-1,2
TTGGATTGGGTACCAC-1,2
TTGGCCATCTTGCGCT-1,2
TTGGCCTAGAATTTCG-1,2
TTGGCGATCCGAATAT-1,2
TTGGCTCAATATGTGT-1,4
TTGGCTCGCATGAGAC-1,1
TTGGGAAGACGAGCCG-1,3
TTGGGACACTGCCCGC-1,2
TTGGGACGTAAGAGTT-1,5
TTGGGCGGCGGTTGCC-1,2
TTGGGTTTATTCAGCG-1,2
TTGGTATGGCTTGTGT-1,2
TTGGTCACACTCGTAA-1,4
TTGGTGCGGTGTTGAA-1,2
TTGGTTGCGGTGCGCG-1,4
TTGTAACTTCATAGCG-1,2
TTGTAAGGACCTAAGT-1,4
TTGTAAGGCCAGTTGG-1,2
TTGTAATCCGTACTCG-1,5
TTGTATCACACAGAAT-1,2
TTGTCGTTCAGTTACC-1,2
TTGTGAACCTAATCCG-1,4
TTGTGAGGCATGACGC-1,5
TTGTGCAGCCACGTCA-1,3
TTGTGGCCCTGACAGT-1,2
TTGTGGTAGGAGGGAT-1,4
TTGTGGTGGTACTAAG-1,3
TTGTGTATGCCACCAA-1,3
TTGTGTTTCCCGAAAG-1,4
TTGTTAGCAAATTCGA-1,1
TTGTTCAGTGTGCTAC-1,2
TTGTTGTGTGTCAAGA-1,1
TTGTTTCACATCCAGG-1,3
TTGTTTCATTAGTCTA-1,4
TTGTTTCCATACAACT-1,4
TTGTTTGTGTAAATTC-1,2
